device: cpu | num_envs: 8
C:\Users\Nemanja\AppData\Local\Programs\Python\Python313\Lib\site-packages\pygame\pkgdata.py:25: UserWarning: pkg_resources is deprecated as an API. See https://setuptools.pypa.io/en/latest/pkg_resources.html. The pkg_resources package is slated for removal as early as 2025-11-30. Refrain from using this package or pin to Setuptools<81.
  from pkg_resources import resource_stream, resource_exists
pygame 2.6.1 (SDL 2.28.4, Python 3.13.14)
Hello from the pygame community. https://www.pygame.org/contribute.html
C:\Users\Nemanja\AppData\Local\Programs\Python\Python313\Lib\site-packages\pygame\pkgdata.py:25: UserWarning: pkg_resources is deprecated as an API. See https://setuptools.pypa.io/en/latest/pkg_resources.html. The pkg_resources package is slated for removal as early as 2025-11-30. Refrain from using this package or pin to Setuptools<81.
  from pkg_resources import resource_stream, resource_exists
pygame 2.6.1 (SDL 2.28.4, Python 3.13.14)
Hello from the pygame community. https://www.pygame.org/contribute.html
C:\Users\Nemanja\AppData\Local\Programs\Python\Python313\Lib\site-packages\pygame\pkgdata.py:25: UserWarning: pkg_resources is deprecated as an API. See https://setuptools.pypa.io/en/latest/pkg_resources.html. The pkg_resources package is slated for removal as early as 2025-11-30. Refrain from using this package or pin to Setuptools<81.
  from pkg_resources import resource_stream, resource_exists
C:\Users\Nemanja\AppData\Local\Programs\Python\Python313\Lib\site-packages\pygame\pkgdata.py:25: UserWarning: pkg_resources is deprecated as an API. See https://setuptools.pypa.io/en/latest/pkg_resources.html. The pkg_resources package is slated for removal as early as 2025-11-30. Refrain from using this package or pin to Setuptools<81.
  from pkg_resources import resource_stream, resource_exists
pygame 2.6.1 (SDL 2.28.4, Python 3.13.14)
Hello from the pygame community. https://www.pygame.org/contribute.html
pygame 2.6.1 (SDL 2.28.4, Python 3.13.14)
Hello from the pygame community. https://www.pygame.org/contribute.html
C:\Users\Nemanja\AppData\Local\Programs\Python\Python313\Lib\site-packages\pygame\pkgdata.py:25: UserWarning: pkg_resources is deprecated as an API. See https://setuptools.pypa.io/en/latest/pkg_resources.html. The pkg_resources package is slated for removal as early as 2025-11-30. Refrain from using this package or pin to Setuptools<81.
  from pkg_resources import resource_stream, resource_exists
pygame 2.6.1 (SDL 2.28.4, Python 3.13.14)
Hello from the pygame community. https://www.pygame.org/contribute.html
C:\Users\Nemanja\AppData\Local\Programs\Python\Python313\Lib\site-packages\pygame\pkgdata.py:25: UserWarning: pkg_resources is deprecated as an API. See https://setuptools.pypa.io/en/latest/pkg_resources.html. The pkg_resources package is slated for removal as early as 2025-11-30. Refrain from using this package or pin to Setuptools<81.
  from pkg_resources import resource_stream, resource_exists
pygame 2.6.1 (SDL 2.28.4, Python 3.13.14)
Hello from the pygame community. https://www.pygame.org/contribute.html
C:\Users\Nemanja\AppData\Local\Programs\Python\Python313\Lib\site-packages\pygame\pkgdata.py:25: UserWarning: pkg_resources is deprecated as an API. See https://setuptools.pypa.io/en/latest/pkg_resources.html. The pkg_resources package is slated for removal as early as 2025-11-30. Refrain from using this package or pin to Setuptools<81.
  from pkg_resources import resource_stream, resource_exists
pygame 2.6.1 (SDL 2.28.4, Python 3.13.14)
Hello from the pygame community. https://www.pygame.org/contribute.html
C:\Users\Nemanja\AppData\Local\Programs\Python\Python313\Lib\site-packages\pygame\pkgdata.py:25: UserWarning: pkg_resources is deprecated as an API. See https://setuptools.pypa.io/en/latest/pkg_resources.html. The pkg_resources package is slated for removal as early as 2025-11-30. Refrain from using this package or pin to Setuptools<81.
  from pkg_resources import resource_stream, resource_exists
pygame 2.6.1 (SDL 2.28.4, Python 3.13.14)
Hello from the pygame community. https://www.pygame.org/contribute.html
upd    1 | step     2048 |   149 sps | ret     1.00 | succ 0.05 | mean_lvl 20.5 | max_lvl 23 | cur 1/9 pb 0.0 | focus (448,40) f=0.89 | kl -0.0001 | ent 3.610
upd    2 | step     4096 |   149 sps | ret     1.20 | succ 0.06 | mean_lvl 20.6 | max_lvl 23 | cur 1/9 pb 0.0 | focus (448,40) f=0.94 | kl +0.0005 | ent 3.607
upd    3 | step     6144 |   150 sps | ret     1.80 | succ 0.09 | mean_lvl 20.8 | max_lvl 23 | cur 1/9 pb 0.0 | focus (448,40) f=0.96 | kl +0.0019 | ent 3.600
upd    4 | step     8192 |   150 sps | ret     1.40 | succ 0.07 | mean_lvl 20.8 | max_lvl 23 | cur 1/9 pb 0.0 | focus (448,40) f=0.91 | kl +0.0016 | ent 3.575
upd    5 | step    10240 |   133 sps | ret     3.20 | succ 0.16 | mean_lvl 20.9 | max_lvl 23 | cur 1/9 pb 0.0 | focus (448,40) f=0.87 | kl +0.0005 | ent 3.544
upd    6 | step    12288 |   117 sps | ret     3.80 | succ 0.19 | mean_lvl 20.9 | max_lvl 23 | cur 1/9 pb 0.0 | focus (448,40) f=0.78 | kl +0.0011 | ent 3.507
upd    7 | step    14336 |   112 sps | ret     4.20 | succ 0.21 | mean_lvl 21.2 | max_lvl 23 | cur 1/9 pb 0.0 | focus (448,40) f=0.85 | kl -0.0006 | ent 3.458
upd    8 | step    16384 |   109 sps | ret     5.00 | succ 0.25 | mean_lvl 21.2 | max_lvl 23 | cur 1/9 pb 0.0 | focus (448,40) f=0.68 | kl +0.0014 | ent 3.402
upd    9 | step    18432 |   106 sps | ret     5.60 | succ 0.28 | mean_lvl 21.3 | max_lvl 23 | cur 1/9 pb 0.0 | focus (448,40) f=0.63 | kl +0.0020 | ent 3.336
upd   10 | step    20480 |   104 sps | ret     7.20 | succ 0.36 | mean_lvl 21.5 | max_lvl 23 | cur 1/9 pb 0.0 | focus (448,40) f=0.33 | kl +0.0035 | ent 3.238
upd   11 | step    22528 |   103 sps | ret    10.40 | succ 0.52 | mean_lvl 21.8 | max_lvl 23 | cur 1/9 pb 0.0 | focus (448,40) f=0.39 | kl +0.0033 | ent 3.123
upd   12 | step    24576 |   102 sps | ret    10.00 | succ 0.50 | mean_lvl 21.9 | max_lvl 23 | cur 1/9 pb 0.0 | focus (448,40) f=0.46 | kl +0.0056 | ent 2.972
upd   13 | step    26624 |   101 sps | ret    13.80 | succ 0.69 | mean_lvl 22.3 | max_lvl 23 | cur 1/9 pb 0.0 | focus (448,40) f=0.24 | kl +0.0014 | ent 2.796
upd   14 | step    28672 |   100 sps | ret    14.80 | succ 0.74 | mean_lvl 22.4 | max_lvl 23 | cur 1/9 pb 0.0 | focus (448,40) f=0.24 | kl +0.0030 | ent 2.544
upd   15 | step    30720 |   100 sps | ret    16.60 | succ 0.83 | mean_lvl 22.6 | max_lvl 23 | cur 1/9 pb 0.0 | focus (448,40) f=0.2 | kl +0.0022 | ent 2.249
upd   16 | step    32768 |    99 sps | ret    17.00 | succ 0.85 | mean_lvl 22.7 | max_lvl 23 | cur 1/9 pb 0.0 | focus (448,40) f=0.05 | kl +0.0033 | ent 1.911
upd   17 | step    34816 |    99 sps | ret     5.80 | succ 0.29 | mean_lvl 21.5 | max_lvl 23 | cur 2/9 pb 0.0 | focus (12,80) f=1.0 | kl +0.0002 | ent 1.841
upd   18 | step    36864 |    99 sps | ret     2.80 | succ 0.14 | mean_lvl 21.1 | max_lvl 23 | cur 2/9 pb 0.0 | focus (12,80) f=1.0 | kl +0.0178 | ent 2.252
upd   19 | step    38912 |   100 sps | ret     3.00 | succ 0.15 | mean_lvl 21.1 | max_lvl 23 | cur 2/9 pb 0.0 | focus (12,80) f=0.98 | kl +0.0078 | ent 2.590
upd   20 | step    40960 |   100 sps | ret     1.80 | succ 0.09 | mean_lvl 21.0 | max_lvl 23 | cur 2/9 pb 0.0 | focus (12,80) f=1.0 | kl +0.0139 | ent 3.062
upd   21 | step    43008 |   101 sps | ret     2.00 | succ 0.10 | mean_lvl 21.0 | max_lvl 23 | cur 2/9 pb 0.0 | focus (12,80) f=1.0 | kl +0.0041 | ent 3.109
upd   22 | step    45056 |   101 sps | ret     3.00 | succ 0.15 | mean_lvl 21.1 | max_lvl 23 | cur 2/9 pb 0.0 | focus (12,80) f=1.0 | kl +0.0075 | ent 3.281
upd   23 | step    47104 |   101 sps | ret     3.00 | succ 0.15 | mean_lvl 21.0 | max_lvl 23 | cur 2/9 pb 0.0 | focus (12,80) f=1.0 | kl +0.0026 | ent 3.338
upd   24 | step    49152 |   101 sps | ret     3.00 | succ 0.15 | mean_lvl 21.0 | max_lvl 23 | cur 2/9 pb 0.0 | focus (12,80) f=1.0 | kl +0.0023 | ent 3.398
upd   25 | step    51200 |   101 sps | ret     2.60 | succ 0.13 | mean_lvl 21.1 | max_lvl 23 | cur 2/9 pb 0.0 | focus (12,80) f=1.0 | kl +0.0025 | ent 3.487
upd   26 | step    53248 |   101 sps | ret     2.60 | succ 0.13 | mean_lvl 21.1 | max_lvl 23 | cur 2/9 pb 0.0 | focus (12,80) f=1.0 | kl +0.0014 | ent 3.505
upd   27 | step    55296 |   101 sps | ret     2.00 | succ 0.10 | mean_lvl 21.0 | max_lvl 23 | cur 2/9 pb 0.0 | focus (12,80) f=1.0 | kl +0.0022 | ent 3.476
upd   28 | step    57344 |   101 sps | ret     1.80 | succ 0.09 | mean_lvl 21.1 | max_lvl 23 | cur 2/9 pb 0.0 | focus (12,80) f=1.0 | kl +0.0021 | ent 3.488
upd   29 | step    59392 |   101 sps | ret     0.80 | succ 0.04 | mean_lvl 20.7 | max_lvl 23 | cur 2/9 pb 0.0 | focus (12,80) f=1.0 | kl +0.0027 | ent 3.520
upd   30 | step    61440 |   101 sps | ret     1.20 | succ 0.06 | mean_lvl 20.8 | max_lvl 23 | cur 2/9 pb 0.0 | focus (12,80) f=1.0 | kl +0.0021 | ent 3.509
upd   31 | step    63488 |   100 sps | ret     1.60 | succ 0.08 | mean_lvl 21.0 | max_lvl 23 | cur 2/9 pb 0.0 | focus (12,80) f=0.96 | kl +0.0014 | ent 3.475
upd   32 | step    65536 |   100 sps | ret     2.00 | succ 0.10 | mean_lvl 21.1 | max_lvl 23 | cur 2/9 pb 0.0 | focus (12,80) f=1.0 | kl +0.0010 | ent 3.475
upd   33 | step    67584 |   100 sps | ret     3.00 | succ 0.15 | mean_lvl 21.1 | max_lvl 23 | cur 2/9 pb 0.0 | focus (12,80) f=0.99 | kl +0.0013 | ent 3.461
upd   34 | step    69632 |   100 sps | ret     2.20 | succ 0.11 | mean_lvl 21.0 | max_lvl 23 | cur 2/9 pb 0.0 | focus (12,80) f=1.0 | kl +0.0015 | ent 3.432
upd   35 | step    71680 |   100 sps | ret     1.00 | succ 0.05 | mean_lvl 20.9 | max_lvl 23 | cur 2/9 pb 0.0 | focus (12,80) f=1.0 | kl +0.0024 | ent 3.420
upd   36 | step    73728 |    99 sps | ret     2.00 | succ 0.10 | mean_lvl 21.1 | max_lvl 23 | cur 2/9 pb 0.0 | focus (12,80) f=0.99 | kl -0.0004 | ent 3.352
upd   37 | step    75776 |    99 sps | ret     2.80 | succ 0.14 | mean_lvl 21.2 | max_lvl 23 | cur 2/9 pb 0.0 | focus (12,80) f=1.0 | kl +0.0026 | ent 3.269
upd   38 | step    77824 |    99 sps | ret     3.00 | succ 0.15 | mean_lvl 21.2 | max_lvl 23 | cur 2/9 pb 0.0 | focus (12,80) f=1.0 | kl +0.0006 | ent 3.163
upd   39 | step    79872 |    98 sps | ret     3.40 | succ 0.17 | mean_lvl 21.3 | max_lvl 23 | cur 2/9 pb 0.0 | focus (12,80) f=0.98 | kl +0.0006 | ent 3.084
upd   40 | step    81920 |    98 sps | ret     3.60 | succ 0.18 | mean_lvl 21.3 | max_lvl 23 | cur 2/9 pb 0.0 | focus (12,80) f=1.0 | kl +0.0003 | ent 3.000
upd   41 | step    83968 |    98 sps | ret     3.20 | succ 0.16 | mean_lvl 21.2 | max_lvl 23 | cur 2/9 pb 0.0 | focus (12,80) f=0.95 | kl +0.0014 | ent 2.956
upd   42 | step    86016 |    98 sps | ret     4.00 | succ 0.20 | mean_lvl 21.3 | max_lvl 23 | cur 2/9 pb 0.0 | focus (12,80) f=0.99 | kl +0.0016 | ent 2.846
upd   43 | step    88064 |    97 sps | ret     3.60 | succ 0.18 | mean_lvl 21.2 | max_lvl 23 | cur 2/9 pb 0.0 | focus (12,80) f=0.95 | kl +0.0019 | ent 2.797
upd   44 | step    90112 |    97 sps | ret     5.00 | succ 0.25 | mean_lvl 21.4 | max_lvl 23 | cur 2/9 pb 0.0 | focus (12,80) f=0.92 | kl +0.0004 | ent 2.732
upd   45 | step    92160 |    97 sps | ret     2.40 | succ 0.12 | mean_lvl 21.2 | max_lvl 23 | cur 2/9 pb 0.0 | focus (12,80) f=0.89 | kl +0.0001 | ent 2.714
upd   46 | step    94208 |    97 sps | ret     2.80 | succ 0.14 | mean_lvl 21.2 | max_lvl 23 | cur 2/9 pb 0.0 | focus (12,80) f=0.89 | kl +0.0007 | ent 2.689
upd   47 | step    96256 |    97 sps | ret     3.60 | succ 0.18 | mean_lvl 21.3 | max_lvl 23 | cur 2/9 pb 0.0 | focus (12,80) f=0.9 | kl +0.0008 | ent 2.640
upd   48 | step    98304 |    96 sps | ret     4.00 | succ 0.20 | mean_lvl 21.4 | max_lvl 23 | cur 2/9 pb 0.0 | focus (12,80) f=0.75 | kl +0.0006 | ent 2.591
upd   49 | step   100352 |    96 sps | ret     3.20 | succ 0.16 | mean_lvl 21.3 | max_lvl 23 | cur 2/9 pb 0.0 | focus (12,80) f=0.89 | kl +0.0015 | ent 2.566
upd   50 | step   102400 |    96 sps | ret     4.40 | succ 0.22 | mean_lvl 21.4 | max_lvl 23 | cur 2/9 pb 0.0 | focus (12,80) f=0.95 | kl -0.0005 | ent 2.485
saved checkpoints/L22\ppo_102400.pt
upd   51 | step   104448 |    96 sps | ret     4.20 | succ 0.21 | mean_lvl 21.4 | max_lvl 23 | cur 2/9 pb 0.0 | focus (12,80) f=0.82 | kl +0.0012 | ent 2.402
upd   52 | step   106496 |    96 sps | ret     6.00 | succ 0.30 | mean_lvl 21.5 | max_lvl 23 | cur 2/9 pb 0.0 | focus (12,80) f=0.84 | kl +0.0021 | ent 2.260
upd   53 | step   108544 |    96 sps | ret     4.40 | succ 0.22 | mean_lvl 21.4 | max_lvl 23 | cur 2/9 pb 0.0 | focus (12,80) f=0.97 | kl +0.0030 | ent 2.168
upd   54 | step   110592 |    96 sps | ret     4.60 | succ 0.23 | mean_lvl 21.4 | max_lvl 23 | cur 2/9 pb 0.0 | focus (12,80) f=0.74 | kl +0.0048 | ent 2.096
upd   55 | step   112640 |    95 sps | ret     5.40 | succ 0.27 | mean_lvl 21.5 | max_lvl 23 | cur 2/9 pb 0.0 | focus (12,80) f=0.86 | kl +0.0021 | ent 2.017
upd   56 | step   114688 |    95 sps | ret     7.20 | succ 0.36 | mean_lvl 21.7 | max_lvl 23 | cur 2/9 pb 0.0 | focus (12,80) f=0.71 | kl +0.0014 | ent 1.962
upd   57 | step   116736 |    95 sps | ret     6.80 | succ 0.34 | mean_lvl 21.6 | max_lvl 23 | cur 2/9 pb 0.0 | focus (12,80) f=0.73 | kl +0.0018 | ent 1.928
upd   58 | step   118784 |    95 sps | ret     5.00 | succ 0.25 | mean_lvl 21.4 | max_lvl 23 | cur 2/9 pb 0.0 | focus (12,80) f=0.93 | kl +0.0032 | ent 1.826
upd   59 | step   120832 |    95 sps | ret     6.80 | succ 0.34 | mean_lvl 21.7 | max_lvl 23 | cur 2/9 pb 0.0 | focus (12,80) f=0.63 | kl +0.0017 | ent 1.787
upd   60 | step   122880 |    95 sps | ret     8.80 | succ 0.44 | mean_lvl 21.8 | max_lvl 23 | cur 2/9 pb 0.0 | focus (12,80) f=0.65 | kl +0.0050 | ent 1.708
upd   61 | step   124928 |    95 sps | ret     8.20 | succ 0.41 | mean_lvl 21.8 | max_lvl 23 | cur 2/9 pb 0.0 | focus (12,80) f=0.88 | kl +0.0094 | ent 1.689
upd   62 | step   126976 |    95 sps | ret     9.80 | succ 0.49 | mean_lvl 22.0 | max_lvl 23 | cur 2/9 pb 0.0 | focus (12,80) f=0.65 | kl +0.0013 | ent 1.649
upd   63 | step   129024 |    95 sps | ret    10.00 | succ 0.50 | mean_lvl 22.0 | max_lvl 23 | cur 2/9 pb 0.0 | focus (12,80) f=0.65 | kl +0.0018 | ent 1.604
upd   64 | step   131072 |    95 sps | ret     7.60 | succ 0.38 | mean_lvl 21.6 | max_lvl 23 | cur 2/9 pb 0.0 | focus (12,80) f=0.54 | kl +0.0038 | ent 1.598
upd   65 | step   133120 |    95 sps | ret     9.20 | succ 0.46 | mean_lvl 21.9 | max_lvl 23 | cur 2/9 pb 0.0 | focus (12,80) f=0.69 | kl +0.0026 | ent 1.592
upd   66 | step   135168 |    95 sps | ret     8.60 | succ 0.43 | mean_lvl 21.8 | max_lvl 23 | cur 2/9 pb 0.0 | focus (12,80) f=0.59 | kl +0.0030 | ent 1.548
upd   67 | step   137216 |    95 sps | ret    11.40 | succ 0.57 | mean_lvl 22.1 | max_lvl 23 | cur 2/9 pb 0.0 | focus (12,80) f=0.52 | kl +0.0016 | ent 1.529
upd   68 | step   139264 |    95 sps | ret    11.80 | succ 0.59 | mean_lvl 22.2 | max_lvl 23 | cur 2/9 pb 0.0 | focus (12,80) f=0.49 | kl +0.0010 | ent 1.492
upd   69 | step   141312 |    95 sps | ret    11.60 | succ 0.58 | mean_lvl 22.2 | max_lvl 23 | cur 2/9 pb 0.0 | focus (12,80) f=0.45 | kl +0.0047 | ent 1.432
upd   70 | step   143360 |    95 sps | ret    13.20 | succ 0.66 | mean_lvl 22.3 | max_lvl 23 | cur 2/9 pb 0.0 | focus (12,80) f=0.55 | kl +0.0019 | ent 1.387
upd   71 | step   145408 |    95 sps | ret    12.60 | succ 0.63 | mean_lvl 22.3 | max_lvl 23 | cur 2/9 pb 0.0 | focus (12,80) f=0.36 | kl +0.0019 | ent 1.381
upd   72 | step   147456 |    95 sps | ret    13.20 | succ 0.66 | mean_lvl 22.3 | max_lvl 23 | cur 2/9 pb 0.0 | focus (12,80) f=0.49 | kl +0.0044 | ent 1.339
upd   73 | step   149504 |    95 sps | ret    12.40 | succ 0.62 | mean_lvl 22.2 | max_lvl 23 | cur 2/9 pb 0.0 | focus (12,80) f=0.49 | kl +0.0012 | ent 1.271
upd   74 | step   151552 |    96 sps | ret    12.60 | succ 0.63 | mean_lvl 22.2 | max_lvl 23 | cur 2/9 pb 0.0 | focus (12,80) f=0.23 | kl +0.0025 | ent 1.249
upd   75 | step   153600 |    96 sps | ret    14.40 | succ 0.72 | mean_lvl 22.4 | max_lvl 23 | cur 2/9 pb 0.0 | focus (12,80) f=0.51 | kl +0.0035 | ent 1.233
upd   76 | step   155648 |    96 sps | ret    14.20 | succ 0.71 | mean_lvl 22.4 | max_lvl 23 | cur 2/9 pb 0.0 | focus (12,80) f=0.58 | kl +0.0017 | ent 1.244
upd   77 | step   157696 |    96 sps | ret    13.20 | succ 0.66 | mean_lvl 22.3 | max_lvl 23 | cur 2/9 pb 0.0 | focus (12,80) f=0.3 | kl +0.0058 | ent 1.183
upd   78 | step   159744 |    96 sps | ret    12.60 | succ 0.63 | mean_lvl 22.2 | max_lvl 23 | cur 2/9 pb 0.0 | focus (12,80) f=0.45 | kl +0.0046 | ent 1.146
upd   79 | step   161792 |    96 sps | ret    14.80 | succ 0.74 | mean_lvl 22.5 | max_lvl 23 | cur 2/9 pb 0.0 | focus (12,80) f=0.46 | kl +0.0051 | ent 1.121
upd   80 | step   163840 |    96 sps | ret    15.20 | succ 0.76 | mean_lvl 22.5 | max_lvl 23 | cur 2/9 pb 0.0 | focus (12,80) f=0.27 | kl +0.0034 | ent 1.146
upd   81 | step   165888 |    97 sps | ret    12.80 | succ 0.64 | mean_lvl 22.3 | max_lvl 23 | cur 2/9 pb 0.0 | focus (12,80) f=0.58 | kl +0.0035 | ent 1.145
upd   82 | step   167936 |    97 sps | ret    14.80 | succ 0.74 | mean_lvl 22.5 | max_lvl 23 | cur 2/9 pb 0.0 | focus (12,80) f=0.49 | kl +0.0024 | ent 1.102
upd   83 | step   169984 |    97 sps | ret    15.60 | succ 0.78 | mean_lvl 22.6 | max_lvl 23 | cur 2/9 pb 0.0 | focus (12,80) f=0.24 | kl +0.0038 | ent 1.079
upd   84 | step   172032 |    97 sps | ret    15.20 | succ 0.76 | mean_lvl 22.5 | max_lvl 23 | cur 2/9 pb 0.0 | focus (12,80) f=0.22 | kl +0.0029 | ent 1.061
upd   85 | step   174080 |    97 sps | ret    13.40 | succ 0.67 | mean_lvl 22.3 | max_lvl 23 | cur 2/9 pb 0.0 | focus (12,80) f=0.35 | kl +0.0042 | ent 1.086
upd   86 | step   176128 |    97 sps | ret    15.20 | succ 0.76 | mean_lvl 22.5 | max_lvl 23 | cur 2/9 pb 0.0 | focus (12,80) f=0.22 | kl +0.0044 | ent 1.000
upd   87 | step   178176 |    97 sps | ret    14.80 | succ 0.74 | mean_lvl 22.5 | max_lvl 23 | cur 2/9 pb 0.0 | focus (12,80) f=0.31 | kl +0.0044 | ent 1.009
upd   88 | step   180224 |    97 sps | ret    16.80 | succ 0.84 | mean_lvl 22.7 | max_lvl 23 | cur 2/9 pb 0.0 | focus (12,80) f=0.28 | kl +0.0020 | ent 1.066
upd   89 | step   182272 |    97 sps | ret    16.00 | succ 0.80 | mean_lvl 22.6 | max_lvl 23 | cur 2/9 pb 0.0 | focus (12,80) f=0.38 | kl +0.0005 | ent 1.056
upd   90 | step   184320 |    98 sps | ret    15.60 | succ 0.78 | mean_lvl 22.6 | max_lvl 23 | cur 2/9 pb 0.0 | focus (12,80) f=0.27 | kl +0.0018 | ent 1.066
upd   91 | step   186368 |    98 sps | ret    16.00 | succ 0.80 | mean_lvl 22.6 | max_lvl 23 | cur 2/9 pb 0.0 | focus (12,80) f=0.46 | kl +0.0040 | ent 1.035
upd   92 | step   188416 |    98 sps | ret    16.60 | succ 0.83 | mean_lvl 22.7 | max_lvl 23 | cur 2/9 pb 0.0 | focus (12,80) f=0.15 | kl +0.0016 | ent 1.027
upd   93 | step   190464 |    98 sps | ret    15.40 | succ 0.77 | mean_lvl 22.5 | max_lvl 23 | cur 2/9 pb 0.0 | focus (12,80) f=0.2 | kl +0.0011 | ent 1.002
upd   94 | step   192512 |    98 sps | ret    16.80 | succ 0.84 | mean_lvl 22.7 | max_lvl 23 | cur 2/9 pb 0.0 | focus (12,80) f=0.28 | kl +0.0038 | ent 0.984
upd   95 | step   194560 |    98 sps | ret    16.40 | succ 0.82 | mean_lvl 22.6 | max_lvl 23 | cur 2/9 pb 0.0 | focus (12,80) f=0.25 | kl +0.0024 | ent 1.003
upd   96 | step   196608 |    98 sps | ret    17.80 | succ 0.89 | mean_lvl 22.8 | max_lvl 23 | cur 2/9 pb 0.0 | focus (12,80) f=0.08 | kl +0.0056 | ent 1.023
upd   97 | step   198656 |    98 sps | ret    16.60 | succ 0.83 | mean_lvl 22.6 | max_lvl 23 | cur 2/9 pb 0.0 | focus (12,80) f=0.12 | kl +0.0036 | ent 1.035
upd   98 | step   200704 |    98 sps | ret    17.60 | succ 0.88 | mean_lvl 22.8 | max_lvl 23 | cur 2/9 pb 0.0 | focus (448,40) f=0.04 | kl +0.0047 | ent 1.017
upd   99 | step   202752 |    98 sps | ret    17.40 | succ 0.87 | mean_lvl 22.7 | max_lvl 23 | cur 2/9 pb 0.0 | focus (12,80) f=0.11 | kl +0.0030 | ent 0.999
upd  100 | step   204800 |    98 sps | ret    18.80 | succ 0.94 | mean_lvl 22.9 | max_lvl 23 | cur 2/9 pb 0.0 | focus (12,80) f=0.15 | kl +0.0023 | ent 1.011
saved checkpoints/L22\ppo_204800.pt
upd  101 | step   206848 |    99 sps | ret    17.80 | succ 0.89 | mean_lvl 22.8 | max_lvl 23 | cur 2/9 pb 0.0 | focus (12,80) f=0.16 | kl +0.0013 | ent 1.013
upd  102 | step   208896 |    99 sps | ret    18.20 | succ 0.91 | mean_lvl 22.8 | max_lvl 23 | cur 2/9 pb 0.0 | focus (448,40) f=0.08 | kl +0.0017 | ent 1.040
upd  103 | step   210944 |    99 sps | ret    18.80 | succ 0.94 | mean_lvl 22.9 | max_lvl 23 | cur 2/9 pb 0.0 | focus (12,80) f=0.1 | kl +0.0016 | ent 1.056
upd  104 | step   212992 |    99 sps | ret    19.20 | succ 0.96 | mean_lvl 22.9 | max_lvl 23 | cur 2/9 pb 0.0 | focus (12,80) f=0.02 | kl +0.0056 | ent 1.133
upd  105 | step   215040 |    99 sps | ret    18.80 | succ 0.94 | mean_lvl 22.9 | max_lvl 23 | cur 2/9 pb 0.0 | focus (12,80) f=0.0 | kl +0.0104 | ent 1.075
upd  106 | step   217088 |    99 sps | ret    18.60 | succ 0.93 | mean_lvl 22.9 | max_lvl 23 | cur 2/9 pb 0.0 | focus (12,80) f=0.05 | kl +0.0012 | ent 1.109
upd  107 | step   219136 |    99 sps | ret    18.60 | succ 0.93 | mean_lvl 22.9 | max_lvl 23 | cur 2/9 pb 0.0 | focus (12,80) f=0.12 | kl +0.0113 | ent 1.076
upd  108 | step   221184 |    99 sps | ret    18.40 | succ 0.92 | mean_lvl 22.8 | max_lvl 23 | cur 2/9 pb 0.0 | focus (12,80) f=0.12 | kl +0.0031 | ent 1.106
upd  109 | step   223232 |    99 sps | ret    18.20 | succ 0.91 | mean_lvl 22.8 | max_lvl 23 | cur 2/9 pb 0.0 | focus (448,40) f=0.12 | kl +0.0074 | ent 1.118
upd  110 | step   225280 |    99 sps | ret    18.00 | succ 0.90 | mean_lvl 22.8 | max_lvl 23 | cur 2/9 pb 0.0 | focus (12,80) f=0.05 | kl +0.0027 | ent 1.084
upd  111 | step   227328 |    99 sps | ret    18.60 | succ 0.93 | mean_lvl 22.9 | max_lvl 23 | cur 2/9 pb 0.0 | focus (12,80) f=0.05 | kl +0.0041 | ent 1.065
upd  112 | step   229376 |    99 sps | ret    19.40 | succ 0.97 | mean_lvl 22.9 | max_lvl 23 | cur 2/9 pb 0.0 | focus (12,80) f=0.02 | kl +0.0027 | ent 1.129
upd  113 | step   231424 |    99 sps | ret    20.00 | succ 1.00 | mean_lvl 23.0 | max_lvl 23 | cur 2/9 pb 0.0 | focus (12,80) f=0.02 | kl +0.0257 | ent 1.284
upd  114 | step   233472 |   100 sps | ret    18.20 | succ 0.91 | mean_lvl 22.8 | max_lvl 23 | cur 2/9 pb 0.0 | focus (12,80) f=0.11 | kl +0.0132 | ent 1.224
upd  115 | step   235520 |   100 sps | ret    18.80 | succ 0.94 | mean_lvl 22.9 | max_lvl 23 | cur 2/9 pb 0.0 | focus (448,40) f=0.06 | kl +0.0062 | ent 1.267
upd  116 | step   237568 |   100 sps | ret    19.20 | succ 0.96 | mean_lvl 22.9 | max_lvl 23 | cur 2/9 pb 0.0 | focus (12,80) f=0.01 | kl +0.0126 | ent 1.326
upd  117 | step   239616 |   100 sps | ret    18.60 | succ 0.93 | mean_lvl 22.9 | max_lvl 23 | cur 2/9 pb 0.0 | focus (12,80) f=0.02 | kl +0.0036 | ent 1.394
upd  118 | step   241664 |   100 sps | ret    18.00 | succ 0.90 | mean_lvl 22.8 | max_lvl 23 | cur 5/9 pb 0.0 | focus (164,176) f=0.73 | kl +0.0070 | ent 1.304
upd  119 | step   243712 |   100 sps | ret    15.20 | succ 0.76 | mean_lvl 22.5 | max_lvl 23 | cur 6/9 pb 0.0 | focus (144,176) f=0.73 | kl +0.0043 | ent 1.214
upd  120 | step   245760 |   100 sps | ret    11.20 | succ 0.56 | mean_lvl 22.1 | max_lvl 23 | cur 9/9 pb 0.0 | focus (128,296) f=1.0 | kl +0.0057 | ent 1.144
upd  121 | step   247808 |   100 sps | ret    11.80 | succ 0.59 | mean_lvl 22.2 | max_lvl 23 | cur 9/9 pb 0.0 | focus (128,296) f=1.0 | kl +0.0050 | ent 1.069
upd  122 | step   249856 |   100 sps | ret     9.60 | succ 0.48 | mean_lvl 22.0 | max_lvl 23 | cur 9/9 pb 0.0 | focus (128,296) f=1.0 | kl +0.0024 | ent 1.028
upd  123 | step   251904 |   100 sps | ret     8.80 | succ 0.44 | mean_lvl 21.9 | max_lvl 23 | cur 9/9 pb 0.0 | focus (128,296) f=1.0 | kl +0.0022 | ent 1.017
upd  124 | step   253952 |   101 sps | ret     9.80 | succ 0.49 | mean_lvl 22.0 | max_lvl 23 | cur 9/9 pb 0.0 | focus (128,296) f=1.0 | kl +0.0039 | ent 0.981
upd  125 | step   256000 |   101 sps | ret    10.80 | succ 0.54 | mean_lvl 22.1 | max_lvl 23 | cur 9/9 pb 0.0 | focus (128,296) f=1.0 | kl +0.0060 | ent 1.003
upd  126 | step   258048 |   101 sps | ret    10.00 | succ 0.50 | mean_lvl 22.0 | max_lvl 23 | cur 9/9 pb 0.0 | focus (128,296) f=1.0 | kl +0.0083 | ent 0.860
upd  127 | step   260096 |   101 sps | ret     9.00 | succ 0.45 | mean_lvl 21.9 | max_lvl 23 | cur 9/9 pb 0.0 | focus (128,296) f=1.0 | kl +0.0022 | ent 0.677
upd  128 | step   262144 |   101 sps | ret     8.40 | succ 0.42 | mean_lvl 21.8 | max_lvl 23 | cur 9/9 pb 0.0 | focus (128,296) f=1.0 | kl +0.0086 | ent 0.686
upd  129 | step   264192 |   101 sps | ret     9.60 | succ 0.48 | mean_lvl 22.0 | max_lvl 23 | cur 9/9 pb 0.0 | focus (128,296) f=1.0 | kl +0.0020 | ent 0.797
upd  130 | step   266240 |   101 sps | ret     9.20 | succ 0.46 | mean_lvl 21.9 | max_lvl 23 | cur 9/9 pb 0.0 | focus (128,296) f=1.0 | kl +0.0047 | ent 0.781
upd  131 | step   268288 |   101 sps | ret     8.80 | succ 0.44 | mean_lvl 21.9 | max_lvl 23 | cur 9/9 pb 0.0 | focus (128,296) f=1.0 | kl +0.0069 | ent 0.744
upd  132 | step   270336 |   101 sps | ret     8.20 | succ 0.41 | mean_lvl 21.8 | max_lvl 23 | cur 9/9 pb 0.0 | focus (128,296) f=1.0 | kl +0.0014 | ent 0.636
upd  133 | step   272384 |   101 sps | ret     8.60 | succ 0.43 | mean_lvl 21.9 | max_lvl 23 | cur 9/9 pb 0.0 | focus (128,296) f=1.0 | kl +0.0023 | ent 0.548
upd  134 | step   274432 |   101 sps | ret     9.00 | succ 0.45 | mean_lvl 21.9 | max_lvl 23 | cur 9/9 pb 0.0 | focus (128,296) f=1.0 | kl +0.0031 | ent 0.563
upd  135 | step   276480 |   101 sps | ret     7.60 | succ 0.38 | mean_lvl 21.8 | max_lvl 23 | cur 9/9 pb 0.0 | focus (128,296) f=1.0 | kl +0.0210 | ent 0.445
upd  136 | step   278528 |   101 sps | ret     8.00 | succ 0.40 | mean_lvl 21.8 | max_lvl 23 | cur 9/9 pb 0.0 | focus (128,296) f=1.0 | kl +0.0138 | ent 0.330
upd  137 | step   280576 |   101 sps | ret     7.80 | succ 0.39 | mean_lvl 21.8 | max_lvl 23 | cur 9/9 pb 0.0 | focus (128,296) f=1.0 | kl +0.0421 | ent 0.402
upd  138 | step   282624 |   101 sps | ret    10.60 | succ 0.53 | mean_lvl 22.1 | max_lvl 23 | cur 9/9 pb 0.0 | focus (128,296) f=1.0 | kl +0.0020 | ent 0.458
upd  139 | step   284672 |   101 sps | ret    11.80 | succ 0.59 | mean_lvl 22.2 | max_lvl 23 | cur 9/9 pb 0.0 | focus (128,296) f=1.0 | kl +0.0098 | ent 0.494
upd  140 | step   286720 |   101 sps | ret     8.40 | succ 0.42 | mean_lvl 21.8 | max_lvl 23 | cur 9/9 pb 0.0 | focus (128,296) f=1.0 | kl +0.0010 | ent 0.514
upd  141 | step   288768 |   101 sps | ret     8.80 | succ 0.44 | mean_lvl 21.9 | max_lvl 23 | cur 9/9 pb 0.0 | focus (128,296) f=1.0 | kl +0.0031 | ent 0.467
upd  142 | step   290816 |   101 sps | ret     8.40 | succ 0.42 | mean_lvl 21.8 | max_lvl 23 | cur 9/9 pb 0.0 | focus (128,296) f=1.0 | kl +0.0007 | ent 0.414
upd  143 | step   292864 |   101 sps | ret    10.80 | succ 0.54 | mean_lvl 22.1 | max_lvl 23 | cur 9/9 pb 0.0 | focus (128,296) f=1.0 | kl +0.0018 | ent 0.357
upd  144 | step   294912 |   101 sps | ret    10.60 | succ 0.53 | mean_lvl 22.1 | max_lvl 23 | cur 9/9 pb 0.0 | focus (128,296) f=1.0 | kl +0.0037 | ent 0.324
upd  145 | step   296960 |   101 sps | ret     8.00 | succ 0.40 | mean_lvl 21.8 | max_lvl 23 | cur 9/9 pb 0.0 | focus (128,296) f=1.0 | kl +0.0040 | ent 0.294
upd  146 | step   299008 |   101 sps | ret     9.80 | succ 0.49 | mean_lvl 22.0 | max_lvl 23 | cur 9/9 pb 0.0 | focus (128,296) f=1.0 | kl +0.0059 | ent 0.228
upd  147 | step   301056 |   101 sps | ret     9.00 | succ 0.45 | mean_lvl 21.9 | max_lvl 23 | cur 9/9 pb 0.0 | focus (128,296) f=1.0 | kl +0.0009 | ent 0.154
upd  148 | step   303104 |   101 sps | ret     8.80 | succ 0.44 | mean_lvl 21.9 | max_lvl 23 | cur 9/9 pb 0.0 | focus (128,296) f=1.0 | kl -0.0000 | ent 0.175
upd  149 | step   305152 |   101 sps | ret     9.80 | succ 0.49 | mean_lvl 22.0 | max_lvl 23 | cur 9/9 pb 0.0 | focus (128,296) f=1.0 | kl +0.0007 | ent 0.147
upd  150 | step   307200 |   101 sps | ret     7.40 | succ 0.37 | mean_lvl 21.7 | max_lvl 23 | cur 9/9 pb 0.0 | focus (128,296) f=1.0 | kl +0.0007 | ent 0.120
saved checkpoints/L22\ppo_307200.pt
upd  151 | step   309248 |   101 sps | ret     8.20 | succ 0.41 | mean_lvl 21.8 | max_lvl 23 | cur 9/9 pb 0.0 | focus (128,296) f=1.0 | kl +0.0008 | ent 0.090
upd  152 | step   311296 |   101 sps | ret     9.60 | succ 0.48 | mean_lvl 22.0 | max_lvl 23 | cur 9/9 pb 0.0 | focus (128,296) f=1.0 | kl +0.0006 | ent 0.074
upd  153 | step   313344 |   101 sps | ret     8.60 | succ 0.43 | mean_lvl 21.9 | max_lvl 23 | cur 9/9 pb 0.0 | focus (128,296) f=1.0 | kl +0.0016 | ent 0.068
upd  154 | step   315392 |   101 sps | ret     9.40 | succ 0.47 | mean_lvl 21.9 | max_lvl 23 | cur 9/9 pb 0.0 | focus (128,296) f=1.0 | kl +0.0002 | ent 0.062
upd  155 | step   317440 |   101 sps | ret     8.60 | succ 0.43 | mean_lvl 21.9 | max_lvl 23 | cur 9/9 pb 0.0 | focus (128,296) f=1.0 | kl +0.0018 | ent 0.065
upd  156 | step   319488 |   101 sps | ret     8.40 | succ 0.42 | mean_lvl 21.8 | max_lvl 23 | cur 9/9 pb 0.0 | focus (128,296) f=1.0 | kl +0.0033 | ent 0.067
upd  157 | step   321536 |   101 sps | ret     7.60 | succ 0.38 | mean_lvl 21.8 | max_lvl 23 | cur 9/9 pb 0.0 | focus (128,296) f=1.0 | kl +0.0006 | ent 0.061
upd  158 | step   323584 |   101 sps | ret     8.60 | succ 0.43 | mean_lvl 21.9 | max_lvl 23 | cur 9/9 pb 0.0 | focus (128,296) f=1.0 | kl +0.0692 | ent 0.093
upd  159 | step   325632 |   101 sps | ret     8.20 | succ 0.41 | mean_lvl 21.8 | max_lvl 23 | cur 9/9 pb 0.0 | focus (128,296) f=1.0 | kl +0.0585 | ent 0.245
upd  160 | step   327680 |   101 sps | ret     9.60 | succ 0.48 | mean_lvl 22.0 | max_lvl 23 | cur 9/9 pb 0.0 | focus (128,296) f=1.0 | kl +0.0235 | ent 0.113
upd  161 | step   329728 |   101 sps | ret     8.60 | succ 0.43 | mean_lvl 21.9 | max_lvl 23 | cur 9/9 pb 0.0 | focus (128,296) f=1.0 | kl +0.0012 | ent 0.048
upd  162 | step   331776 |   101 sps | ret     6.60 | succ 0.33 | mean_lvl 21.7 | max_lvl 23 | cur 9/9 pb 0.0 | focus (128,296) f=1.0 | kl +0.0021 | ent 0.037
upd  163 | step   333824 |   101 sps | ret     8.80 | succ 0.44 | mean_lvl 21.9 | max_lvl 23 | cur 9/9 pb 0.0 | focus (128,296) f=1.0 | kl +0.0001 | ent 0.024
upd  164 | step   335872 |   101 sps | ret     8.80 | succ 0.44 | mean_lvl 21.9 | max_lvl 23 | cur 9/9 pb 0.0 | focus (128,296) f=1.0 | kl +0.0022 | ent 0.023
upd  165 | step   337920 |   101 sps | ret     8.20 | succ 0.41 | mean_lvl 21.8 | max_lvl 23 | cur 9/9 pb 0.0 | focus (128,296) f=1.0 | kl +0.0750 | ent 0.045
upd  166 | step   339968 |   101 sps | ret    10.60 | succ 0.53 | mean_lvl 22.1 | max_lvl 23 | cur 9/9 pb 0.0 | focus (128,296) f=1.0 | kl +0.0009 | ent 0.021
upd  167 | step   342016 |   101 sps | ret     8.20 | succ 0.41 | mean_lvl 21.8 | max_lvl 23 | cur 9/9 pb 0.0 | focus (128,296) f=1.0 | kl +0.0011 | ent 0.022
upd  168 | step   344064 |   101 sps | ret     9.40 | succ 0.47 | mean_lvl 21.9 | max_lvl 23 | cur 9/9 pb 0.0 | focus (128,296) f=1.0 | kl +0.0012 | ent 0.017
upd  169 | step   346112 |   101 sps | ret     7.60 | succ 0.38 | mean_lvl 21.8 | max_lvl 23 | cur 9/9 pb 0.0 | focus (128,296) f=1.0 | kl +0.0050 | ent 0.038
upd  170 | step   348160 |   101 sps | ret     8.60 | succ 0.43 | mean_lvl 21.9 | max_lvl 23 | cur 9/9 pb 0.0 | focus (128,296) f=1.0 | kl +0.0000 | ent 0.014
upd  171 | step   350208 |   101 sps | ret     8.00 | succ 0.40 | mean_lvl 21.8 | max_lvl 23 | cur 9/9 pb 0.0 | focus (128,296) f=1.0 | kl +0.0003 | ent 0.013
upd  172 | step   352256 |   101 sps | ret     7.20 | succ 0.36 | mean_lvl 21.7 | max_lvl 23 | cur 9/9 pb 0.0 | focus (128,296) f=1.0 | kl +0.0016 | ent 0.011
upd  173 | step   354304 |   101 sps | ret     9.20 | succ 0.46 | mean_lvl 21.9 | max_lvl 23 | cur 9/9 pb 0.0 | focus (128,296) f=1.0 | kl +0.0002 | ent 0.011
upd  174 | step   356352 |   101 sps | ret     9.40 | succ 0.47 | mean_lvl 21.9 | max_lvl 23 | cur 9/9 pb 0.0 | focus (128,296) f=1.0 | kl +0.0002 | ent 0.010
upd  175 | step   358400 |   101 sps | ret    10.80 | succ 0.54 | mean_lvl 22.1 | max_lvl 23 | cur 9/9 pb 0.0 | focus (128,296) f=1.0 | kl +0.0352 | ent 0.030
upd  176 | step   360448 |   101 sps | ret     2.60 | succ 0.13 | mean_lvl 21.3 | max_lvl 23 | cur 9/9 pb 0.0 | focus (128,296) f=1.0 | kl +0.1444 | ent 0.196
upd  177 | step   362496 |   101 sps | ret     4.00 | succ 0.20 | mean_lvl 21.4 | max_lvl 23 | cur 9/9 pb 0.0 | focus (128,296) f=1.0 | kl +0.0929 | ent 0.185
upd  178 | step   364544 |   101 sps | ret    10.20 | succ 0.51 | mean_lvl 22.0 | max_lvl 23 | cur 9/9 pb 0.0 | focus (128,296) f=1.0 | kl +0.1416 | ent 0.029
upd  179 | step   366592 |   101 sps | ret    12.00 | succ 0.60 | mean_lvl 22.2 | max_lvl 23 | cur 9/9 pb 0.0 | focus (128,296) f=1.0 | kl +0.0005 | ent 0.012
upd  180 | step   368640 |   101 sps | ret    11.20 | succ 0.56 | mean_lvl 22.1 | max_lvl 23 | cur 9/9 pb 0.0 | focus (128,296) f=1.0 | kl +0.0001 | ent 0.011
upd  181 | step   370688 |   101 sps | ret     8.20 | succ 0.41 | mean_lvl 21.8 | max_lvl 23 | cur 9/9 pb 0.0 | focus (128,296) f=1.0 | kl +0.0004 | ent 0.009
upd  182 | step   372736 |   101 sps | ret     9.20 | succ 0.46 | mean_lvl 21.9 | max_lvl 23 | cur 9/9 pb 0.0 | focus (128,296) f=1.0 | kl +0.0008 | ent 0.007
upd  183 | step   374784 |   101 sps | ret     7.80 | succ 0.39 | mean_lvl 21.8 | max_lvl 23 | cur 9/9 pb 0.0 | focus (128,296) f=1.0 | kl +0.0002 | ent 0.007
upd  184 | step   376832 |   101 sps | ret     8.00 | succ 0.40 | mean_lvl 21.8 | max_lvl 23 | cur 9/9 pb 0.0 | focus (128,296) f=1.0 | kl +0.0000 | ent 0.007
upd  185 | step   378880 |   101 sps | ret     6.80 | succ 0.34 | mean_lvl 21.7 | max_lvl 23 | cur 9/9 pb 0.0 | focus (128,296) f=1.0 | kl +0.0007 | ent 0.008
upd  186 | step   380928 |   101 sps | ret     8.20 | succ 0.41 | mean_lvl 21.8 | max_lvl 23 | cur 9/9 pb 0.0 | focus (128,296) f=1.0 | kl +0.0025 | ent 0.008
upd  187 | step   382976 |   101 sps | ret     8.80 | succ 0.44 | mean_lvl 21.9 | max_lvl 23 | cur 9/9 pb 0.0 | focus (128,296) f=1.0 | kl +0.0004 | ent 0.006
upd  188 | step   385024 |   101 sps | ret     9.00 | succ 0.45 | mean_lvl 21.9 | max_lvl 23 | cur 9/9 pb 0.0 | focus (128,296) f=1.0 | kl +0.0006 | ent 0.006
upd  189 | step   387072 |   101 sps | ret     9.00 | succ 0.45 | mean_lvl 21.9 | max_lvl 23 | cur 9/9 pb 0.0 | focus (128,296) f=1.0 | kl +0.0160 | ent 0.018
upd  190 | step   389120 |   101 sps | ret     8.60 | succ 0.43 | mean_lvl 21.9 | max_lvl 23 | cur 9/9 pb 0.0 | focus (128,296) f=1.0 | kl +0.0273 | ent 0.189
upd  191 | step   391168 |   101 sps | ret     8.60 | succ 0.43 | mean_lvl 21.9 | max_lvl 23 | cur 9/9 pb 0.0 | focus (128,296) f=1.0 | kl +0.1450 | ent 0.013
upd  192 | step   393216 |   102 sps | ret     2.00 | succ 0.10 | mean_lvl 21.4 | max_lvl 23 | cur 9/9 pb 0.0 | focus (128,296) f=1.0 | kl +0.0016 | ent 0.005
upd  193 | step   395264 |   102 sps | ret     3.00 | succ 0.15 | mean_lvl 21.6 | max_lvl 23 | cur 9/9 pb 0.0 | focus (128,296) f=1.0 | kl +0.2852 | ent 0.087
upd  194 | step   397312 |   102 sps | ret    12.60 | succ 0.63 | mean_lvl 22.3 | max_lvl 23 | cur 9/9 pb 0.0 | focus (128,296) f=1.0 | kl +0.0523 | ent 0.027
upd  195 | step   399360 |   102 sps | ret    11.40 | succ 0.57 | mean_lvl 22.1 | max_lvl 23 | cur 9/9 pb 0.0 | focus (128,296) f=1.0 | kl +0.0000 | ent 0.006
upd  196 | step   401408 |   102 sps | ret     8.40 | succ 0.42 | mean_lvl 21.8 | max_lvl 23 | cur 9/9 pb 0.0 | focus (128,296) f=1.0 | kl -0.0000 | ent 0.006
upd  197 | step   403456 |   102 sps | ret     9.40 | succ 0.47 | mean_lvl 21.9 | max_lvl 23 | cur 9/9 pb 0.0 | focus (128,296) f=1.0 | kl -0.0000 | ent 0.005
upd  198 | step   405504 |   102 sps | ret     9.80 | succ 0.49 | mean_lvl 22.0 | max_lvl 23 | cur 9/9 pb 0.0 | focus (128,296) f=1.0 | kl +0.0003 | ent 0.005
upd  199 | step   407552 |   102 sps | ret     7.60 | succ 0.38 | mean_lvl 21.8 | max_lvl 23 | cur 9/9 pb 0.0 | focus (128,296) f=1.0 | kl +0.0001 | ent 0.005
upd  200 | step   409600 |   102 sps | ret     9.20 | succ 0.46 | mean_lvl 21.9 | max_lvl 23 | cur 9/9 pb 0.0 | focus (128,296) f=1.0 | kl +0.0075 | ent 0.012
saved checkpoints/L22\ppo_409600.pt
upd  201 | step   411648 |   102 sps | ret     5.60 | succ 0.28 | mean_lvl 21.6 | max_lvl 23 | cur 9/9 pb 0.0 | focus (128,296) f=1.0 | kl +0.0537 | ent 0.075
upd  202 | step   413696 |   102 sps | ret    11.00 | succ 0.55 | mean_lvl 22.1 | max_lvl 23 | cur 9/9 pb 0.0 | focus (128,296) f=1.0 | kl +0.1501 | ent 0.015
upd  203 | step   415744 |   102 sps | ret     9.40 | succ 0.47 | mean_lvl 21.9 | max_lvl 23 | cur 9/9 pb 0.0 | focus (128,296) f=1.0 | kl +0.0003 | ent 0.006
upd  204 | step   417792 |   102 sps | ret     9.00 | succ 0.45 | mean_lvl 21.9 | max_lvl 23 | cur 9/9 pb 0.0 | focus (128,296) f=1.0 | kl -0.0001 | ent 0.006
upd  205 | step   419840 |   102 sps | ret     7.80 | succ 0.39 | mean_lvl 21.8 | max_lvl 23 | cur 9/9 pb 0.0 | focus (128,296) f=1.0 | kl +0.0004 | ent 0.005
upd  206 | step   421888 |   102 sps | ret     8.60 | succ 0.43 | mean_lvl 21.9 | max_lvl 23 | cur 9/9 pb 0.0 | focus (128,296) f=1.0 | kl +0.0000 | ent 0.004
upd  207 | step   423936 |   102 sps | ret     8.00 | succ 0.40 | mean_lvl 21.8 | max_lvl 23 | cur 9/9 pb 0.0 | focus (128,296) f=1.0 | kl +0.0002 | ent 0.004
upd  208 | step   425984 |   102 sps | ret     7.80 | succ 0.39 | mean_lvl 21.8 | max_lvl 23 | cur 9/9 pb 0.0 | focus (128,296) f=1.0 | kl +0.0000 | ent 0.003
upd  209 | step   428032 |   102 sps | ret     8.40 | succ 0.42 | mean_lvl 21.8 | max_lvl 23 | cur 9/9 pb 0.0 | focus (128,296) f=1.0 | kl +0.0001 | ent 0.003
upd  210 | step   430080 |   102 sps | ret     9.40 | succ 0.47 | mean_lvl 21.9 | max_lvl 23 | cur 9/9 pb 0.0 | focus (128,296) f=1.0 | kl +0.0000 | ent 0.003
upd  211 | step   432128 |   102 sps | ret     8.60 | succ 0.43 | mean_lvl 21.9 | max_lvl 23 | cur 9/9 pb 0.0 | focus (128,296) f=1.0 | kl +0.0002 | ent 0.003
upd  212 | step   434176 |   101 sps | ret     6.60 | succ 0.33 | mean_lvl 21.7 | max_lvl 23 | cur 9/9 pb 0.0 | focus (128,296) f=1.0 | kl -0.0000 | ent 0.003
upd  213 | step   436224 |   101 sps | ret     8.00 | succ 0.40 | mean_lvl 21.8 | max_lvl 23 | cur 9/9 pb 0.0 | focus (128,296) f=1.0 | kl +0.0000 | ent 0.003
upd  214 | step   438272 |   101 sps | ret     8.00 | succ 0.40 | mean_lvl 21.8 | max_lvl 23 | cur 9/9 pb 0.0 | focus (128,296) f=1.0 | kl +0.0000 | ent 0.003
upd  215 | step   440320 |   101 sps | ret    10.00 | succ 0.50 | mean_lvl 22.0 | max_lvl 23 | cur 9/9 pb 0.0 | focus (128,296) f=1.0 | kl +0.0002 | ent 0.003
upd  216 | step   442368 |   101 sps | ret    10.00 | succ 0.50 | mean_lvl 22.0 | max_lvl 23 | cur 9/9 pb 0.0 | focus (128,296) f=1.0 | kl +0.0001 | ent 0.003
upd  217 | step   444416 |   101 sps | ret     9.60 | succ 0.48 | mean_lvl 22.0 | max_lvl 23 | cur 9/9 pb 0.0 | focus (128,296) f=1.0 | kl +0.0002 | ent 0.003
upd  218 | step   446464 |   101 sps | ret     9.80 | succ 0.49 | mean_lvl 22.0 | max_lvl 23 | cur 9/9 pb 0.0 | focus (128,296) f=1.0 | kl +0.0000 | ent 0.003
upd  219 | step   448512 |   101 sps | ret     8.80 | succ 0.44 | mean_lvl 21.9 | max_lvl 23 | cur 9/9 pb 0.0 | focus (128,296) f=1.0 | kl +0.0000 | ent 0.003
upd  220 | step   450560 |   101 sps | ret    10.20 | succ 0.51 | mean_lvl 22.0 | max_lvl 23 | cur 9/9 pb 0.0 | focus (128,296) f=1.0 | kl +0.0000 | ent 0.003
upd  221 | step   452608 |   101 sps | ret     8.00 | succ 0.40 | mean_lvl 21.8 | max_lvl 23 | cur 9/9 pb 0.0 | focus (128,296) f=1.0 | kl -0.0000 | ent 0.003
upd  222 | step   454656 |   101 sps | ret     8.60 | succ 0.43 | mean_lvl 21.9 | max_lvl 23 | cur 9/9 pb 0.0 | focus (128,296) f=1.0 | kl +0.0000 | ent 0.003
upd  223 | step   456704 |   101 sps | ret     8.40 | succ 0.42 | mean_lvl 21.8 | max_lvl 23 | cur 9/9 pb 0.0 | focus (128,296) f=1.0 | kl +0.0000 | ent 0.003
upd  224 | step   458752 |   101 sps | ret     7.80 | succ 0.39 | mean_lvl 21.8 | max_lvl 23 | cur 9/9 pb 0.0 | focus (128,296) f=1.0 | kl +0.0004 | ent 0.003
upd  225 | step   460800 |   101 sps | ret     7.20 | succ 0.36 | mean_lvl 21.7 | max_lvl 23 | cur 9/9 pb 0.0 | focus (128,296) f=1.0 | kl +0.0001 | ent 0.003
upd  226 | step   462848 |   101 sps | ret     8.20 | succ 0.41 | mean_lvl 21.8 | max_lvl 23 | cur 9/9 pb 0.0 | focus (128,296) f=1.0 | kl +0.0004 | ent 0.002
upd  227 | step   464896 |   101 sps | ret     8.80 | succ 0.44 | mean_lvl 21.9 | max_lvl 23 | cur 9/9 pb 0.0 | focus (128,296) f=1.0 | kl +0.0000 | ent 0.003
upd  228 | step   466944 |   101 sps | ret     8.80 | succ 0.44 | mean_lvl 21.9 | max_lvl 23 | cur 9/9 pb 0.0 | focus (128,296) f=1.0 | kl +0.0000 | ent 0.003
upd  229 | step   468992 |   101 sps | ret     6.60 | succ 0.33 | mean_lvl 21.7 | max_lvl 23 | cur 9/9 pb 0.0 | focus (128,296) f=1.0 | kl +0.0000 | ent 0.003
upd  230 | step   471040 |   101 sps | ret     8.60 | succ 0.43 | mean_lvl 21.9 | max_lvl 23 | cur 9/9 pb 0.0 | focus (128,296) f=1.0 | kl -0.0000 | ent 0.003
upd  231 | step   473088 |   101 sps | ret     6.60 | succ 0.33 | mean_lvl 21.7 | max_lvl 23 | cur 9/9 pb 0.0 | focus (128,296) f=1.0 | kl +0.0000 | ent 0.003
upd  232 | step   475136 |   101 sps | ret     9.00 | succ 0.45 | mean_lvl 21.9 | max_lvl 23 | cur 9/9 pb 0.0 | focus (128,296) f=1.0 | kl -0.0000 | ent 0.003
upd  233 | step   477184 |   101 sps | ret     9.60 | succ 0.48 | mean_lvl 22.0 | max_lvl 23 | cur 9/9 pb 0.0 | focus (128,296) f=1.0 | kl +0.0008 | ent 0.002
upd  234 | step   479232 |   100 sps | ret     9.60 | succ 0.48 | mean_lvl 22.0 | max_lvl 23 | cur 9/9 pb 0.0 | focus (128,296) f=1.0 | kl +0.0000 | ent 0.002
upd  235 | step   481280 |   100 sps | ret     9.60 | succ 0.48 | mean_lvl 22.0 | max_lvl 23 | cur 9/9 pb 0.0 | focus (128,296) f=1.0 | kl +0.0001 | ent 0.002
upd  236 | step   483328 |   100 sps | ret     8.20 | succ 0.41 | mean_lvl 21.8 | max_lvl 23 | cur 9/9 pb 0.0 | focus (128,296) f=1.0 | kl +0.0000 | ent 0.002
upd  237 | step   485376 |   100 sps | ret     8.00 | succ 0.40 | mean_lvl 21.8 | max_lvl 23 | cur 9/9 pb 0.0 | focus (128,296) f=1.0 | kl +0.0000 | ent 0.002
upd  238 | step   487424 |   100 sps | ret     8.60 | succ 0.43 | mean_lvl 21.9 | max_lvl 23 | cur 9/9 pb 0.0 | focus (128,296) f=1.0 | kl +0.0000 | ent 0.002
upd  239 | step   489472 |   100 sps | ret     9.60 | succ 0.48 | mean_lvl 22.0 | max_lvl 23 | cur 9/9 pb 0.0 | focus (128,296) f=1.0 | kl +0.0000 | ent 0.002
upd  240 | step   491520 |   100 sps | ret     7.40 | succ 0.37 | mean_lvl 21.7 | max_lvl 23 | cur 9/9 pb 0.0 | focus (128,296) f=1.0 | kl +0.0000 | ent 0.002
upd  241 | step   493568 |    99 sps | ret     8.20 | succ 0.41 | mean_lvl 21.8 | max_lvl 23 | cur 9/9 pb 0.0 | focus (128,296) f=1.0 | kl +0.0000 | ent 0.002
upd  242 | step   495616 |    99 sps | ret     9.00 | succ 0.45 | mean_lvl 21.9 | max_lvl 23 | cur 9/9 pb 0.0 | focus (128,296) f=1.0 | kl +0.0000 | ent 0.002
upd  243 | step   497664 |    99 sps | ret     8.40 | succ 0.42 | mean_lvl 21.8 | max_lvl 23 | cur 9/9 pb 0.0 | focus (128,296) f=1.0 | kl +0.0000 | ent 0.002
upd  244 | step   499712 |    99 sps | ret     9.80 | succ 0.49 | mean_lvl 22.0 | max_lvl 23 | cur 9/9 pb 0.0 | focus (128,296) f=1.0 | kl +0.0002 | ent 0.002
upd  245 | step   501760 |    99 sps | ret    10.00 | succ 0.50 | mean_lvl 22.0 | max_lvl 23 | cur 9/9 pb 0.0 | focus (128,296) f=1.0 | kl +0.0000 | ent 0.003
upd  246 | step   503808 |    99 sps | ret     9.00 | succ 0.45 | mean_lvl 21.9 | max_lvl 23 | cur 9/9 pb 0.0 | focus (128,296) f=1.0 | kl +0.0000 | ent 0.003
upd  247 | step   505856 |    99 sps | ret     9.40 | succ 0.47 | mean_lvl 21.9 | max_lvl 23 | cur 9/9 pb 0.0 | focus (128,296) f=1.0 | kl +0.0004 | ent 0.002
upd  248 | step   507904 |    99 sps | ret     8.00 | succ 0.40 | mean_lvl 21.8 | max_lvl 23 | cur 9/9 pb 0.0 | focus (128,296) f=1.0 | kl +0.0001 | ent 0.002
upd  249 | step   509952 |    99 sps | ret     8.40 | succ 0.42 | mean_lvl 21.8 | max_lvl 23 | cur 9/9 pb 0.0 | focus (128,296) f=1.0 | kl +0.0000 | ent 0.002
upd  250 | step   512000 |    99 sps | ret     7.00 | succ 0.35 | mean_lvl 21.7 | max_lvl 23 | cur 9/9 pb 0.0 | focus (128,296) f=1.0 | kl +0.0000 | ent 0.002
saved checkpoints/L22\ppo_512000.pt
upd  251 | step   514048 |    99 sps | ret     9.00 | succ 0.45 | mean_lvl 21.9 | max_lvl 23 | cur 9/9 pb 0.0 | focus (128,296) f=1.0 | kl +0.0010 | ent 0.002
upd  252 | step   516096 |    99 sps | ret     8.20 | succ 0.41 | mean_lvl 21.8 | max_lvl 23 | cur 9/9 pb 0.0 | focus (128,296) f=1.0 | kl +0.0000 | ent 0.002
upd  253 | step   518144 |    99 sps | ret     7.60 | succ 0.38 | mean_lvl 21.8 | max_lvl 23 | cur 9/9 pb 0.0 | focus (128,296) f=1.0 | kl +0.0000 | ent 0.002
upd  254 | step   520192 |    99 sps | ret     8.60 | succ 0.43 | mean_lvl 21.9 | max_lvl 23 | cur 9/9 pb 0.0 | focus (128,296) f=1.0 | kl +0.0000 | ent 0.002
upd  255 | step   522240 |    98 sps | ret     8.40 | succ 0.42 | mean_lvl 21.8 | max_lvl 23 | cur 9/9 pb 0.0 | focus (128,296) f=1.0 | kl +0.0000 | ent 0.002
upd  256 | step   524288 |    98 sps | ret     9.20 | succ 0.46 | mean_lvl 21.9 | max_lvl 23 | cur 9/9 pb 0.0 | focus (128,296) f=1.0 | kl +0.0000 | ent 0.002
upd  257 | step   526336 |    98 sps | ret     8.40 | succ 0.42 | mean_lvl 21.8 | max_lvl 23 | cur 9/9 pb 0.0 | focus (128,296) f=1.0 | kl +0.0004 | ent 0.002
upd  258 | step   528384 |    98 sps | ret    10.20 | succ 0.51 | mean_lvl 22.0 | max_lvl 23 | cur 9/9 pb 0.0 | focus (128,296) f=1.0 | kl +0.0000 | ent 0.003
upd  259 | step   530432 |    98 sps | ret     8.80 | succ 0.44 | mean_lvl 21.9 | max_lvl 23 | cur 9/9 pb 0.0 | focus (128,296) f=1.0 | kl +0.0005 | ent 0.002
upd  260 | step   532480 |    98 sps | ret     6.60 | succ 0.33 | mean_lvl 21.7 | max_lvl 23 | cur 9/9 pb 0.0 | focus (128,296) f=1.0 | kl +0.0003 | ent 0.002
upd  261 | step   534528 |    98 sps | ret    10.20 | succ 0.51 | mean_lvl 22.0 | max_lvl 23 | cur 9/9 pb 0.0 | focus (128,296) f=1.0 | kl +0.0002 | ent 0.002
upd  262 | step   536576 |    98 sps | ret     8.40 | succ 0.42 | mean_lvl 21.8 | max_lvl 23 | cur 9/9 pb 0.0 | focus (128,296) f=1.0 | kl +0.0000 | ent 0.003
upd  263 | step   538624 |    98 sps | ret     8.20 | succ 0.41 | mean_lvl 21.8 | max_lvl 23 | cur 9/9 pb 0.0 | focus (128,296) f=1.0 | kl +0.0631 | ent 0.038
upd  264 | step   540672 |    98 sps | ret     4.20 | succ 0.21 | mean_lvl 21.4 | max_lvl 23 | cur 9/9 pb 0.0 | focus (128,296) f=1.0 | kl +0.2752 | ent 0.098
upd  265 | step   542720 |    98 sps | ret     9.20 | succ 0.46 | mean_lvl 21.9 | max_lvl 23 | cur 9/9 pb 0.0 | focus (128,296) f=1.0 | kl +0.1250 | ent 0.083
upd  266 | step   544768 |    98 sps | ret    11.00 | succ 0.55 | mean_lvl 22.1 | max_lvl 23 | cur 9/9 pb 0.0 | focus (128,296) f=1.0 | kl +0.0590 | ent 0.010
upd  267 | step   546816 |    98 sps | ret    10.00 | succ 0.50 | mean_lvl 22.0 | max_lvl 23 | cur 9/9 pb 0.0 | focus (128,296) f=1.0 | kl +0.0001 | ent 0.003
upd  268 | step   548864 |    98 sps | ret     9.00 | succ 0.45 | mean_lvl 21.9 | max_lvl 23 | cur 9/9 pb 0.0 | focus (128,296) f=1.0 | kl +0.0001 | ent 0.003
upd  269 | step   550912 |    98 sps | ret     8.80 | succ 0.44 | mean_lvl 21.9 | max_lvl 23 | cur 9/9 pb 0.0 | focus (128,296) f=1.0 | kl -0.0000 | ent 0.002
upd  270 | step   552960 |    98 sps | ret     8.40 | succ 0.42 | mean_lvl 21.8 | max_lvl 23 | cur 9/9 pb 0.0 | focus (128,296) f=1.0 | kl -0.0000 | ent 0.002
upd  271 | step   555008 |    98 sps | ret     8.00 | succ 0.40 | mean_lvl 21.8 | max_lvl 23 | cur 9/9 pb 0.0 | focus (128,296) f=1.0 | kl +0.0000 | ent 0.002
upd  272 | step   557056 |    98 sps | ret     8.20 | succ 0.41 | mean_lvl 21.8 | max_lvl 23 | cur 9/9 pb 0.0 | focus (128,296) f=1.0 | kl +0.0000 | ent 0.002
upd  273 | step   559104 |    98 sps | ret     9.00 | succ 0.45 | mean_lvl 21.9 | max_lvl 23 | cur 9/9 pb 0.0 | focus (128,296) f=1.0 | kl +0.0003 | ent 0.002
upd  274 | step   561152 |    98 sps | ret    10.20 | succ 0.51 | mean_lvl 22.0 | max_lvl 23 | cur 9/9 pb 0.0 | focus (128,296) f=1.0 | kl -0.0000 | ent 0.002
upd  275 | step   563200 |    98 sps | ret     7.80 | succ 0.39 | mean_lvl 21.8 | max_lvl 23 | cur 9/9 pb 0.0 | focus (128,296) f=1.0 | kl +0.0000 | ent 0.002
upd  276 | step   565248 |    98 sps | ret     7.60 | succ 0.38 | mean_lvl 21.8 | max_lvl 23 | cur 9/9 pb 0.0 | focus (128,296) f=1.0 | kl -0.0000 | ent 0.002
upd  277 | step   567296 |    98 sps | ret     9.40 | succ 0.47 | mean_lvl 21.9 | max_lvl 23 | cur 9/9 pb 0.0 | focus (128,296) f=1.0 | kl +0.0000 | ent 0.002
upd  278 | step   569344 |    98 sps | ret     7.40 | succ 0.37 | mean_lvl 21.7 | max_lvl 23 | cur 9/9 pb 0.0 | focus (128,296) f=1.0 | kl +0.0000 | ent 0.002
upd  279 | step   571392 |    98 sps | ret     8.20 | succ 0.41 | mean_lvl 21.8 | max_lvl 23 | cur 9/9 pb 0.0 | focus (128,296) f=1.0 | kl +0.0000 | ent 0.002
upd  280 | step   573440 |    98 sps | ret     8.40 | succ 0.42 | mean_lvl 21.8 | max_lvl 23 | cur 9/9 pb 0.0 | focus (128,296) f=1.0 | kl +0.0002 | ent 0.002
upd  281 | step   575488 |    98 sps | ret     8.20 | succ 0.41 | mean_lvl 21.8 | max_lvl 23 | cur 9/9 pb 0.0 | focus (128,296) f=1.0 | kl +0.0000 | ent 0.002
upd  282 | step   577536 |    98 sps | ret     8.80 | succ 0.44 | mean_lvl 21.9 | max_lvl 23 | cur 9/9 pb 0.0 | focus (128,296) f=1.0 | kl -0.0000 | ent 0.002
upd  283 | step   579584 |    98 sps | ret     7.80 | succ 0.39 | mean_lvl 21.8 | max_lvl 23 | cur 9/9 pb 0.0 | focus (128,296) f=1.0 | kl +0.0000 | ent 0.002
upd  284 | step   581632 |    98 sps | ret     9.60 | succ 0.48 | mean_lvl 22.0 | max_lvl 23 | cur 9/9 pb 0.0 | focus (128,296) f=1.0 | kl -0.0000 | ent 0.002
upd  285 | step   583680 |    98 sps | ret     7.20 | succ 0.36 | mean_lvl 21.7 | max_lvl 23 | cur 9/9 pb 0.0 | focus (128,296) f=1.0 | kl +0.0000 | ent 0.002
upd  286 | step   585728 |    98 sps | ret    10.20 | succ 0.51 | mean_lvl 22.0 | max_lvl 23 | cur 9/9 pb 0.0 | focus (128,296) f=1.0 | kl -0.0000 | ent 0.002
upd  287 | step   587776 |    98 sps | ret     7.80 | succ 0.39 | mean_lvl 21.8 | max_lvl 23 | cur 9/9 pb 0.0 | focus (128,296) f=1.0 | kl +0.0002 | ent 0.002
upd  288 | step   589824 |    98 sps | ret     8.00 | succ 0.40 | mean_lvl 21.8 | max_lvl 23 | cur 9/9 pb 0.0 | focus (128,296) f=1.0 | kl +0.0000 | ent 0.001
upd  289 | step   591872 |    98 sps | ret     9.00 | succ 0.45 | mean_lvl 21.9 | max_lvl 23 | cur 9/9 pb 0.0 | focus (128,296) f=1.0 | kl +0.0004 | ent 0.002
upd  290 | step   593920 |    98 sps | ret     8.40 | succ 0.42 | mean_lvl 21.8 | max_lvl 23 | cur 9/9 pb 0.0 | focus (128,296) f=1.0 | kl +0.0000 | ent 0.002
upd  291 | step   595968 |    98 sps | ret     6.80 | succ 0.34 | mean_lvl 21.7 | max_lvl 23 | cur 9/9 pb 0.0 | focus (128,296) f=1.0 | kl -0.0000 | ent 0.002
upd  292 | step   598016 |    97 sps | ret     7.60 | succ 0.38 | mean_lvl 21.8 | max_lvl 23 | cur 9/9 pb 0.0 | focus (128,296) f=1.0 | kl +0.0002 | ent 0.002
upd  293 | step   600064 |    97 sps | ret     7.60 | succ 0.38 | mean_lvl 21.8 | max_lvl 23 | cur 9/9 pb 0.0 | focus (128,296) f=1.0 | kl +0.0002 | ent 0.002
upd  294 | step   602112 |    97 sps | ret     9.00 | succ 0.45 | mean_lvl 21.9 | max_lvl 23 | cur 9/9 pb 0.0 | focus (128,296) f=1.0 | kl +0.0001 | ent 0.001
upd  295 | step   604160 |    97 sps | ret     7.20 | succ 0.36 | mean_lvl 21.7 | max_lvl 23 | cur 9/9 pb 0.0 | focus (128,296) f=1.0 | kl -0.0000 | ent 0.001
upd  296 | step   606208 |    97 sps | ret     8.40 | succ 0.42 | mean_lvl 21.8 | max_lvl 23 | cur 9/9 pb 0.0 | focus (128,296) f=1.0 | kl -0.0000 | ent 0.001
upd  297 | step   608256 |    97 sps | ret     7.60 | succ 0.38 | mean_lvl 21.8 | max_lvl 23 | cur 9/9 pb 0.0 | focus (128,296) f=1.0 | kl +0.0000 | ent 0.001
upd  298 | step   610304 |    97 sps | ret     5.80 | succ 0.29 | mean_lvl 21.6 | max_lvl 23 | cur 9/9 pb 0.0 | focus (128,296) f=1.0 | kl +0.0005 | ent 0.001
upd  299 | step   612352 |    97 sps | ret     7.60 | succ 0.38 | mean_lvl 21.8 | max_lvl 23 | cur 9/9 pb 0.0 | focus (128,296) f=1.0 | kl +0.0000 | ent 0.002
upd  300 | step   614400 |    97 sps | ret     9.20 | succ 0.46 | mean_lvl 21.9 | max_lvl 23 | cur 9/9 pb 0.0 | focus (128,296) f=1.0 | kl -0.0000 | ent 0.002
saved checkpoints/L22\ppo_614400.pt
upd  301 | step   616448 |    97 sps | ret     7.40 | succ 0.37 | mean_lvl 21.7 | max_lvl 23 | cur 9/9 pb 0.0 | focus (128,296) f=1.0 | kl +0.0002 | ent 0.002
upd  302 | step   618496 |    97 sps | ret     9.00 | succ 0.45 | mean_lvl 21.9 | max_lvl 23 | cur 9/9 pb 0.0 | focus (128,296) f=1.0 | kl +0.0000 | ent 0.002
upd  303 | step   620544 |    97 sps | ret     7.60 | succ 0.38 | mean_lvl 21.8 | max_lvl 23 | cur 9/9 pb 0.0 | focus (128,296) f=1.0 | kl +0.0000 | ent 0.003
upd  304 | step   622592 |    97 sps | ret     9.60 | succ 0.48 | mean_lvl 22.0 | max_lvl 23 | cur 9/9 pb 0.0 | focus (128,296) f=1.0 | kl +0.2300 | ent 0.032
upd  305 | step   624640 |    97 sps | ret     6.00 | succ 0.30 | mean_lvl 21.6 | max_lvl 23 | cur 9/9 pb 0.0 | focus (128,296) f=1.0 | kl +0.1111 | ent 0.124
upd  306 | step   626688 |    97 sps | ret    11.80 | succ 0.59 | mean_lvl 22.2 | max_lvl 23 | cur 9/9 pb 0.0 | focus (128,296) f=1.0 | kl +0.0937 | ent 0.013
upd  307 | step   628736 |    97 sps | ret    12.60 | succ 0.63 | mean_lvl 22.3 | max_lvl 23 | cur 9/9 pb 0.0 | focus (128,296) f=1.0 | kl +0.0005 | ent 0.004
upd  308 | step   630784 |    97 sps | ret    11.20 | succ 0.56 | mean_lvl 22.1 | max_lvl 23 | cur 9/9 pb 0.0 | focus (128,296) f=1.0 | kl -0.0000 | ent 0.002
upd  309 | step   632832 |    97 sps | ret    10.20 | succ 0.51 | mean_lvl 22.0 | max_lvl 23 | cur 9/9 pb 0.0 | focus (128,296) f=1.0 | kl +0.0001 | ent 0.002
upd  310 | step   634880 |    97 sps | ret     7.60 | succ 0.38 | mean_lvl 21.8 | max_lvl 23 | cur 9/9 pb 0.0 | focus (128,296) f=1.0 | kl -0.0000 | ent 0.002
upd  311 | step   636928 |    97 sps | ret     8.80 | succ 0.44 | mean_lvl 21.9 | max_lvl 23 | cur 9/9 pb 0.0 | focus (128,296) f=1.0 | kl -0.0000 | ent 0.002
upd  312 | step   638976 |    97 sps | ret     6.20 | succ 0.31 | mean_lvl 21.6 | max_lvl 23 | cur 9/9 pb 0.0 | focus (128,296) f=1.0 | kl -0.0000 | ent 0.002
upd  313 | step   641024 |    97 sps | ret     9.20 | succ 0.46 | mean_lvl 21.9 | max_lvl 23 | cur 9/9 pb 0.0 | focus (128,296) f=1.0 | kl +0.0000 | ent 0.002
upd  314 | step   643072 |    97 sps | ret     9.20 | succ 0.46 | mean_lvl 21.9 | max_lvl 23 | cur 9/9 pb 0.0 | focus (128,296) f=1.0 | kl +0.0000 | ent 0.002
upd  315 | step   645120 |    97 sps | ret     8.40 | succ 0.42 | mean_lvl 21.8 | max_lvl 23 | cur 9/9 pb 0.0 | focus (128,296) f=1.0 | kl +0.0002 | ent 0.002
upd  316 | step   647168 |    97 sps | ret     7.80 | succ 0.39 | mean_lvl 21.8 | max_lvl 23 | cur 9/9 pb 0.0 | focus (128,296) f=1.0 | kl +0.0002 | ent 0.001
upd  317 | step   649216 |    97 sps | ret     9.00 | succ 0.45 | mean_lvl 21.9 | max_lvl 23 | cur 9/9 pb 0.0 | focus (128,296) f=1.0 | kl +0.0003 | ent 0.001
upd  318 | step   651264 |    97 sps | ret     7.80 | succ 0.39 | mean_lvl 21.8 | max_lvl 23 | cur 9/9 pb 0.0 | focus (128,296) f=1.0 | kl +0.0002 | ent 0.001
upd  319 | step   653312 |    97 sps | ret     7.80 | succ 0.39 | mean_lvl 21.8 | max_lvl 23 | cur 9/9 pb 0.0 | focus (128,296) f=1.0 | kl +0.0000 | ent 0.001
upd  320 | step   655360 |    97 sps | ret     8.00 | succ 0.40 | mean_lvl 21.8 | max_lvl 23 | cur 9/9 pb 0.0 | focus (128,296) f=1.0 | kl +0.0000 | ent 0.001
upd  321 | step   657408 |    97 sps | ret     8.40 | succ 0.42 | mean_lvl 21.8 | max_lvl 23 | cur 9/9 pb 0.0 | focus (128,296) f=1.0 | kl +0.0002 | ent 0.001
upd  322 | step   659456 |    97 sps | ret     8.80 | succ 0.44 | mean_lvl 21.9 | max_lvl 23 | cur 9/9 pb 0.0 | focus (128,296) f=1.0 | kl +0.0000 | ent 0.002
upd  323 | step   661504 |    97 sps | ret     6.00 | succ 0.30 | mean_lvl 21.6 | max_lvl 23 | cur 9/9 pb 0.0 | focus (128,296) f=1.0 | kl +0.0001 | ent 0.002
upd  324 | step   663552 |    97 sps | ret     8.40 | succ 0.42 | mean_lvl 21.8 | max_lvl 23 | cur 9/9 pb 0.0 | focus (128,296) f=1.0 | kl -0.0000 | ent 0.001
upd  325 | step   665600 |    97 sps | ret     8.60 | succ 0.43 | mean_lvl 21.9 | max_lvl 23 | cur 9/9 pb 0.0 | focus (128,296) f=1.0 | kl +0.0002 | ent 0.001
upd  326 | step   667648 |    97 sps | ret     9.40 | succ 0.47 | mean_lvl 21.9 | max_lvl 23 | cur 9/9 pb 0.0 | focus (128,296) f=1.0 | kl +0.0002 | ent 0.001
upd  327 | step   669696 |    97 sps | ret     8.40 | succ 0.42 | mean_lvl 21.8 | max_lvl 23 | cur 9/9 pb 0.0 | focus (128,296) f=1.0 | kl +0.0000 | ent 0.001
upd  328 | step   671744 |    97 sps | ret     7.80 | succ 0.39 | mean_lvl 21.8 | max_lvl 23 | cur 9/9 pb 0.0 | focus (128,296) f=1.0 | kl +0.0000 | ent 0.001
upd  329 | step   673792 |    97 sps | ret     8.20 | succ 0.41 | mean_lvl 21.8 | max_lvl 23 | cur 9/9 pb 0.0 | focus (128,296) f=1.0 | kl -0.0000 | ent 0.001
upd  330 | step   675840 |    97 sps | ret     8.60 | succ 0.43 | mean_lvl 21.9 | max_lvl 23 | cur 9/9 pb 0.0 | focus (128,296) f=1.0 | kl +0.0002 | ent 0.001
upd  331 | step   677888 |    97 sps | ret     8.20 | succ 0.41 | mean_lvl 21.8 | max_lvl 23 | cur 9/9 pb 0.0 | focus (128,296) f=1.0 | kl +0.0000 | ent 0.001
upd  332 | step   679936 |    97 sps | ret     8.60 | succ 0.43 | mean_lvl 21.9 | max_lvl 23 | cur 9/9 pb 0.0 | focus (128,296) f=1.0 | kl -0.0000 | ent 0.001
upd  333 | step   681984 |    97 sps | ret    10.00 | succ 0.50 | mean_lvl 22.0 | max_lvl 23 | cur 9/9 pb 0.0 | focus (128,296) f=1.0 | kl +0.0000 | ent 0.001
upd  334 | step   684032 |    97 sps | ret     6.40 | succ 0.32 | mean_lvl 21.6 | max_lvl 23 | cur 9/9 pb 0.0 | focus (128,296) f=1.0 | kl +0.0000 | ent 0.001
upd  335 | step   686080 |    97 sps | ret     8.20 | succ 0.41 | mean_lvl 21.8 | max_lvl 23 | cur 9/9 pb 0.0 | focus (128,296) f=1.0 | kl +0.0000 | ent 0.001
upd  336 | step   688128 |    97 sps | ret     9.00 | succ 0.45 | mean_lvl 21.9 | max_lvl 23 | cur 9/9 pb 0.0 | focus (128,296) f=1.0 | kl +0.0000 | ent 0.001
upd  337 | step   690176 |    97 sps | ret    10.20 | succ 0.51 | mean_lvl 22.0 | max_lvl 23 | cur 9/9 pb 0.0 | focus (128,296) f=1.0 | kl +0.0000 | ent 0.001
upd  338 | step   692224 |    97 sps | ret     7.60 | succ 0.38 | mean_lvl 21.8 | max_lvl 23 | cur 9/9 pb 0.0 | focus (128,296) f=1.0 | kl +0.0000 | ent 0.001
upd  339 | step   694272 |    97 sps | ret     8.40 | succ 0.42 | mean_lvl 21.8 | max_lvl 23 | cur 9/9 pb 0.0 | focus (128,296) f=1.0 | kl +0.0000 | ent 0.001
upd  340 | step   696320 |    97 sps | ret     8.80 | succ 0.44 | mean_lvl 21.9 | max_lvl 23 | cur 9/9 pb 0.0 | focus (128,296) f=1.0 | kl +0.0003 | ent 0.001
upd  341 | step   698368 |    97 sps | ret     8.80 | succ 0.44 | mean_lvl 21.9 | max_lvl 23 | cur 9/9 pb 0.0 | focus (128,296) f=1.0 | kl -0.0000 | ent 0.001
upd  342 | step   700416 |    97 sps | ret     9.00 | succ 0.45 | mean_lvl 21.9 | max_lvl 23 | cur 9/9 pb 0.0 | focus (128,296) f=1.0 | kl +0.0000 | ent 0.001
upd  343 | step   702464 |    97 sps | ret     7.60 | succ 0.38 | mean_lvl 21.8 | max_lvl 23 | cur 9/9 pb 0.0 | focus (128,296) f=1.0 | kl +0.0004 | ent 0.001
upd  344 | step   704512 |    97 sps | ret     9.00 | succ 0.45 | mean_lvl 21.9 | max_lvl 23 | cur 9/9 pb 0.0 | focus (128,296) f=1.0 | kl +0.0000 | ent 0.001
upd  345 | step   706560 |    97 sps | ret     8.00 | succ 0.40 | mean_lvl 21.8 | max_lvl 23 | cur 9/9 pb 0.0 | focus (128,296) f=1.0 | kl +0.0004 | ent 0.001
upd  346 | step   708608 |    97 sps | ret     9.00 | succ 0.45 | mean_lvl 21.9 | max_lvl 23 | cur 9/9 pb 0.0 | focus (128,296) f=1.0 | kl +0.0000 | ent 0.001
upd  347 | step   710656 |    97 sps | ret     7.80 | succ 0.39 | mean_lvl 21.8 | max_lvl 23 | cur 9/9 pb 0.0 | focus (128,296) f=1.0 | kl +0.0000 | ent 0.002
upd  348 | step   712704 |    97 sps | ret     7.40 | succ 0.37 | mean_lvl 21.7 | max_lvl 23 | cur 9/9 pb 0.0 | focus (128,296) f=1.0 | kl +0.0017 | ent 0.001
upd  349 | step   714752 |    97 sps | ret     9.00 | succ 0.45 | mean_lvl 21.9 | max_lvl 23 | cur 9/9 pb 0.0 | focus (128,296) f=1.0 | kl +0.0000 | ent 0.001
upd  350 | step   716800 |    97 sps | ret     9.60 | succ 0.48 | mean_lvl 22.0 | max_lvl 23 | cur 9/9 pb 0.0 | focus (128,296) f=1.0 | kl +0.0000 | ent 0.001
saved checkpoints/L22\ppo_716800.pt
upd  351 | step   718848 |    97 sps | ret     8.80 | succ 0.44 | mean_lvl 21.9 | max_lvl 23 | cur 9/9 pb 0.0 | focus (128,296) f=1.0 | kl +0.0000 | ent 0.001
upd  352 | step   720896 |    97 sps | ret     6.80 | succ 0.34 | mean_lvl 21.7 | max_lvl 23 | cur 9/9 pb 0.0 | focus (128,296) f=1.0 | kl +0.0000 | ent 0.001
upd  353 | step   722944 |    97 sps | ret     7.40 | succ 0.37 | mean_lvl 21.7 | max_lvl 23 | cur 9/9 pb 0.0 | focus (128,296) f=1.0 | kl +0.0000 | ent 0.001
upd  354 | step   724992 |    97 sps | ret     9.40 | succ 0.47 | mean_lvl 21.9 | max_lvl 23 | cur 9/9 pb 0.0 | focus (128,296) f=1.0 | kl +0.0000 | ent 0.001
upd  355 | step   727040 |    97 sps | ret     9.00 | succ 0.45 | mean_lvl 21.9 | max_lvl 23 | cur 9/9 pb 0.0 | focus (128,296) f=1.0 | kl +0.0002 | ent 0.001
upd  356 | step   729088 |    97 sps | ret     9.00 | succ 0.45 | mean_lvl 21.9 | max_lvl 23 | cur 9/9 pb 0.0 | focus (128,296) f=1.0 | kl +0.0001 | ent 0.001
upd  357 | step   731136 |    97 sps | ret     6.80 | succ 0.34 | mean_lvl 21.7 | max_lvl 23 | cur 9/9 pb 0.0 | focus (128,296) f=1.0 | kl +0.0000 | ent 0.001
upd  358 | step   733184 |    97 sps | ret    11.00 | succ 0.55 | mean_lvl 22.1 | max_lvl 23 | cur 9/9 pb 0.0 | focus (128,296) f=1.0 | kl -0.0000 | ent 0.001
upd  359 | step   735232 |    97 sps | ret     8.60 | succ 0.43 | mean_lvl 21.9 | max_lvl 23 | cur 9/9 pb 0.0 | focus (128,296) f=1.0 | kl +0.0000 | ent 0.001
upd  360 | step   737280 |    97 sps | ret     9.00 | succ 0.45 | mean_lvl 21.9 | max_lvl 23 | cur 9/9 pb 0.0 | focus (128,296) f=1.0 | kl +0.0004 | ent 0.005
upd  361 | step   739328 |    97 sps | ret     8.20 | succ 0.41 | mean_lvl 21.8 | max_lvl 23 | cur 9/9 pb 0.0 | focus (128,296) f=1.0 | kl +0.0016 | ent 0.009
upd  362 | step   741376 |    97 sps | ret     9.20 | succ 0.46 | mean_lvl 21.9 | max_lvl 23 | cur 9/9 pb 0.0 | focus (128,296) f=1.0 | kl -0.0001 | ent 0.003
upd  363 | step   743424 |    97 sps | ret     8.00 | succ 0.40 | mean_lvl 21.8 | max_lvl 23 | cur 9/9 pb 0.0 | focus (128,296) f=1.0 | kl -0.0000 | ent 0.003
upd  364 | step   745472 |    97 sps | ret     8.60 | succ 0.43 | mean_lvl 21.9 | max_lvl 23 | cur 9/9 pb 0.0 | focus (128,296) f=1.0 | kl +0.0002 | ent 0.002
upd  365 | step   747520 |    97 sps | ret    11.00 | succ 0.55 | mean_lvl 22.1 | max_lvl 23 | cur 9/9 pb 0.0 | focus (128,296) f=1.0 | kl +0.0005 | ent 0.001
upd  366 | step   749568 |    97 sps | ret     9.60 | succ 0.48 | mean_lvl 22.0 | max_lvl 23 | cur 9/9 pb 0.0 | focus (128,296) f=1.0 | kl -0.0000 | ent 0.001
upd  367 | step   751616 |    97 sps | ret     8.40 | succ 0.42 | mean_lvl 21.8 | max_lvl 23 | cur 9/9 pb 0.0 | focus (128,296) f=1.0 | kl +0.0001 | ent 0.001
upd  368 | step   753664 |    97 sps | ret     8.40 | succ 0.42 | mean_lvl 21.8 | max_lvl 23 | cur 9/9 pb 0.0 | focus (128,296) f=1.0 | kl -0.0000 | ent 0.001
upd  369 | step   755712 |    97 sps | ret     8.20 | succ 0.41 | mean_lvl 21.8 | max_lvl 23 | cur 9/9 pb 0.0 | focus (128,296) f=1.0 | kl -0.0000 | ent 0.001
upd  370 | step   757760 |    97 sps | ret    11.20 | succ 0.56 | mean_lvl 22.1 | max_lvl 23 | cur 9/9 pb 0.0 | focus (128,296) f=1.0 | kl +0.0002 | ent 0.001
upd  371 | step   759808 |    97 sps | ret     9.00 | succ 0.45 | mean_lvl 21.9 | max_lvl 23 | cur 9/9 pb 0.0 | focus (128,296) f=1.0 | kl +0.0000 | ent 0.001
upd  372 | step   761856 |    97 sps | ret    10.20 | succ 0.51 | mean_lvl 22.0 | max_lvl 23 | cur 9/9 pb 0.0 | focus (128,296) f=1.0 | kl +0.0001 | ent 0.001
upd  373 | step   763904 |    97 sps | ret     9.00 | succ 0.45 | mean_lvl 21.9 | max_lvl 23 | cur 9/9 pb 0.0 | focus (128,296) f=1.0 | kl +0.0000 | ent 0.001
upd  374 | step   765952 |    97 sps | ret     9.40 | succ 0.47 | mean_lvl 21.9 | max_lvl 23 | cur 9/9 pb 0.0 | focus (128,296) f=1.0 | kl +0.0000 | ent 0.001
upd  375 | step   768000 |    97 sps | ret     9.40 | succ 0.47 | mean_lvl 21.9 | max_lvl 23 | cur 9/9 pb 0.0 | focus (128,296) f=1.0 | kl -0.0000 | ent 0.001
upd  376 | step   770048 |    97 sps | ret     9.40 | succ 0.47 | mean_lvl 21.9 | max_lvl 23 | cur 9/9 pb 0.0 | focus (128,296) f=1.0 | kl -0.0000 | ent 0.001
upd  377 | step   772096 |    97 sps | ret     8.00 | succ 0.40 | mean_lvl 21.8 | max_lvl 23 | cur 9/9 pb 0.0 | focus (128,296) f=1.0 | kl +0.0000 | ent 0.001
upd  378 | step   774144 |    97 sps | ret     7.80 | succ 0.39 | mean_lvl 21.8 | max_lvl 23 | cur 9/9 pb 0.0 | focus (128,296) f=1.0 | kl -0.0000 | ent 0.001
upd  379 | step   776192 |    97 sps | ret     8.60 | succ 0.43 | mean_lvl 21.9 | max_lvl 23 | cur 9/9 pb 0.0 | focus (128,296) f=1.0 | kl -0.0000 | ent 0.001
upd  380 | step   778240 |    97 sps | ret     8.20 | succ 0.41 | mean_lvl 21.8 | max_lvl 23 | cur 9/9 pb 0.0 | focus (128,296) f=1.0 | kl +0.0000 | ent 0.001
upd  381 | step   780288 |    97 sps | ret     7.60 | succ 0.38 | mean_lvl 21.8 | max_lvl 23 | cur 9/9 pb 0.0 | focus (128,296) f=1.0 | kl +0.0000 | ent 0.001
upd  382 | step   782336 |    97 sps | ret     9.40 | succ 0.47 | mean_lvl 21.9 | max_lvl 23 | cur 9/9 pb 0.0 | focus (128,296) f=1.0 | kl +0.0000 | ent 0.001
upd  383 | step   784384 |    97 sps | ret    10.00 | succ 0.50 | mean_lvl 22.0 | max_lvl 23 | cur 9/9 pb 0.0 | focus (128,296) f=1.0 | kl +0.0000 | ent 0.001
upd  384 | step   786432 |    97 sps | ret     9.20 | succ 0.46 | mean_lvl 21.9 | max_lvl 23 | cur 9/9 pb 0.0 | focus (128,296) f=1.0 | kl +0.0000 | ent 0.001
upd  385 | step   788480 |    97 sps | ret     9.20 | succ 0.46 | mean_lvl 21.9 | max_lvl 23 | cur 9/9 pb 0.0 | focus (128,296) f=1.0 | kl +0.0000 | ent 0.001
upd  386 | step   790528 |    97 sps | ret     9.20 | succ 0.46 | mean_lvl 21.9 | max_lvl 23 | cur 9/9 pb 0.0 | focus (128,296) f=1.0 | kl +0.0000 | ent 0.001
upd  387 | step   792576 |    97 sps | ret     9.00 | succ 0.45 | mean_lvl 21.9 | max_lvl 23 | cur 9/9 pb 0.0 | focus (128,296) f=1.0 | kl +0.0002 | ent 0.001
upd  388 | step   794624 |    97 sps | ret     6.20 | succ 0.31 | mean_lvl 21.6 | max_lvl 23 | cur 9/9 pb 0.0 | focus (128,296) f=1.0 | kl +0.0002 | ent 0.001
upd  389 | step   796672 |    97 sps | ret     8.00 | succ 0.40 | mean_lvl 21.8 | max_lvl 23 | cur 9/9 pb 0.0 | focus (128,296) f=1.0 | kl +0.0000 | ent 0.001
upd  390 | step   798720 |    97 sps | ret    10.00 | succ 0.50 | mean_lvl 22.0 | max_lvl 23 | cur 9/9 pb 0.0 | focus (128,296) f=1.0 | kl +0.0000 | ent 0.001
upd  391 | step   800768 |    97 sps | ret     9.00 | succ 0.45 | mean_lvl 21.9 | max_lvl 23 | cur 9/9 pb 0.0 | focus (128,296) f=1.0 | kl +0.0000 | ent 0.001
upd  392 | step   802816 |    97 sps | ret     8.40 | succ 0.42 | mean_lvl 21.8 | max_lvl 23 | cur 9/9 pb 0.0 | focus (128,296) f=1.0 | kl +0.0000 | ent 0.001
upd  393 | step   804864 |    97 sps | ret     8.60 | succ 0.43 | mean_lvl 21.9 | max_lvl 23 | cur 9/9 pb 0.0 | focus (128,296) f=1.0 | kl +0.0000 | ent 0.001
upd  394 | step   806912 |    97 sps | ret     9.40 | succ 0.47 | mean_lvl 21.9 | max_lvl 23 | cur 9/9 pb 0.0 | focus (128,296) f=1.0 | kl +0.0000 | ent 0.001
upd  395 | step   808960 |    97 sps | ret     7.00 | succ 0.35 | mean_lvl 21.7 | max_lvl 23 | cur 9/9 pb 0.0 | focus (128,296) f=1.0 | kl +0.0000 | ent 0.001
upd  396 | step   811008 |    97 sps | ret     9.60 | succ 0.48 | mean_lvl 22.0 | max_lvl 23 | cur 9/9 pb 0.0 | focus (128,296) f=1.0 | kl +0.0000 | ent 0.001
upd  397 | step   813056 |    97 sps | ret     7.40 | succ 0.37 | mean_lvl 21.7 | max_lvl 23 | cur 9/9 pb 0.0 | focus (128,296) f=1.0 | kl +0.0000 | ent 0.001
upd  398 | step   815104 |    97 sps | ret     6.60 | succ 0.33 | mean_lvl 21.7 | max_lvl 23 | cur 9/9 pb 0.0 | focus (128,296) f=1.0 | kl +0.0000 | ent 0.001
upd  399 | step   817152 |    97 sps | ret     7.80 | succ 0.39 | mean_lvl 21.8 | max_lvl 23 | cur 9/9 pb 0.0 | focus (128,296) f=1.0 | kl +0.0000 | ent 0.001
upd  400 | step   819200 |    97 sps | ret     6.40 | succ 0.32 | mean_lvl 21.6 | max_lvl 23 | cur 9/9 pb 0.0 | focus (128,296) f=1.0 | kl +0.0000 | ent 0.001
saved checkpoints/L22\ppo_819200.pt
upd  401 | step   821248 |    97 sps | ret    10.00 | succ 0.50 | mean_lvl 22.0 | max_lvl 23 | cur 9/9 pb 0.0 | focus (128,296) f=1.0 | kl +0.0000 | ent 0.001
upd  402 | step   823296 |    97 sps | ret     8.60 | succ 0.43 | mean_lvl 21.9 | max_lvl 23 | cur 9/9 pb 0.0 | focus (128,296) f=1.0 | kl +0.0002 | ent 0.001
upd  403 | step   825344 |    97 sps | ret     9.00 | succ 0.45 | mean_lvl 21.9 | max_lvl 23 | cur 9/9 pb 0.0 | focus (128,296) f=1.0 | kl +0.0000 | ent 0.001
upd  404 | step   827392 |    97 sps | ret     9.20 | succ 0.46 | mean_lvl 21.9 | max_lvl 23 | cur 9/9 pb 0.0 | focus (128,296) f=1.0 | kl +0.0000 | ent 0.001
upd  405 | step   829440 |    97 sps | ret     6.40 | succ 0.32 | mean_lvl 21.6 | max_lvl 23 | cur 9/9 pb 0.0 | focus (128,296) f=1.0 | kl +0.0000 | ent 0.001
upd  406 | step   831488 |    97 sps | ret     8.00 | succ 0.40 | mean_lvl 21.8 | max_lvl 23 | cur 9/9 pb 0.0 | focus (128,296) f=1.0 | kl +0.0000 | ent 0.001
upd  407 | step   833536 |    97 sps | ret     8.60 | succ 0.43 | mean_lvl 21.9 | max_lvl 23 | cur 9/9 pb 0.0 | focus (128,296) f=1.0 | kl +0.0000 | ent 0.001
upd  408 | step   835584 |    97 sps | ret     8.20 | succ 0.41 | mean_lvl 21.8 | max_lvl 23 | cur 9/9 pb 0.0 | focus (128,296) f=1.0 | kl +0.0001 | ent 0.002
upd  409 | step   837632 |    97 sps | ret     8.40 | succ 0.42 | mean_lvl 21.8 | max_lvl 23 | cur 9/9 pb 0.0 | focus (128,296) f=1.0 | kl +0.2385 | ent 0.020
upd  410 | step   839680 |    97 sps | ret    10.20 | succ 0.51 | mean_lvl 22.0 | max_lvl 23 | cur 9/9 pb 0.0 | focus (128,296) f=1.0 | kl -0.0000 | ent 0.001
upd  411 | step   841728 |    97 sps | ret     9.60 | succ 0.48 | mean_lvl 22.0 | max_lvl 23 | cur 9/9 pb 0.0 | focus (128,296) f=1.0 | kl +0.0003 | ent 0.001
upd  412 | step   843776 |    97 sps | ret     8.00 | succ 0.40 | mean_lvl 21.8 | max_lvl 23 | cur 9/9 pb 0.0 | focus (128,296) f=1.0 | kl -0.0000 | ent 0.001
upd  413 | step   845824 |    97 sps | ret     7.40 | succ 0.37 | mean_lvl 21.7 | max_lvl 23 | cur 9/9 pb 0.0 | focus (128,296) f=1.0 | kl -0.0000 | ent 0.001
upd  414 | step   847872 |    97 sps | ret    10.20 | succ 0.51 | mean_lvl 22.0 | max_lvl 23 | cur 9/9 pb 0.0 | focus (128,296) f=1.0 | kl +0.0000 | ent 0.001
upd  415 | step   849920 |    97 sps | ret     7.40 | succ 0.37 | mean_lvl 21.7 | max_lvl 23 | cur 9/9 pb 0.0 | focus (128,296) f=1.0 | kl +0.0000 | ent 0.001
upd  416 | step   851968 |    97 sps | ret     9.40 | succ 0.47 | mean_lvl 21.9 | max_lvl 23 | cur 9/9 pb 0.0 | focus (128,296) f=1.0 | kl +0.0000 | ent 0.001
upd  417 | step   854016 |    97 sps | ret     7.40 | succ 0.37 | mean_lvl 21.7 | max_lvl 23 | cur 9/9 pb 0.0 | focus (128,296) f=1.0 | kl +0.0000 | ent 0.001
upd  418 | step   856064 |    97 sps | ret     8.00 | succ 0.40 | mean_lvl 21.8 | max_lvl 23 | cur 9/9 pb 0.0 | focus (128,296) f=1.0 | kl +0.0000 | ent 0.001
upd  419 | step   858112 |    97 sps | ret     8.80 | succ 0.44 | mean_lvl 21.9 | max_lvl 23 | cur 9/9 pb 0.0 | focus (128,296) f=1.0 | kl +0.0000 | ent 0.001
upd  420 | step   860160 |    97 sps | ret     8.40 | succ 0.42 | mean_lvl 21.8 | max_lvl 23 | cur 9/9 pb 0.0 | focus (128,296) f=1.0 | kl +0.0000 | ent 0.001
upd  421 | step   862208 |    97 sps | ret     9.20 | succ 0.46 | mean_lvl 21.9 | max_lvl 23 | cur 9/9 pb 0.0 | focus (128,296) f=1.0 | kl +0.0000 | ent 0.001
upd  422 | step   864256 |    97 sps | ret     8.00 | succ 0.40 | mean_lvl 21.8 | max_lvl 23 | cur 9/9 pb 0.0 | focus (128,296) f=1.0 | kl +0.0000 | ent 0.001
upd  423 | step   866304 |    97 sps | ret     9.40 | succ 0.47 | mean_lvl 21.9 | max_lvl 23 | cur 9/9 pb 0.0 | focus (128,296) f=1.0 | kl +0.0000 | ent 0.001
upd  424 | step   868352 |    97 sps | ret     9.20 | succ 0.46 | mean_lvl 21.9 | max_lvl 23 | cur 9/9 pb 0.0 | focus (128,296) f=1.0 | kl +0.0000 | ent 0.001
upd  425 | step   870400 |    97 sps | ret     9.40 | succ 0.47 | mean_lvl 21.9 | max_lvl 23 | cur 9/9 pb 0.0 | focus (128,296) f=1.0 | kl +0.0000 | ent 0.001
upd  426 | step   872448 |    97 sps | ret     7.80 | succ 0.39 | mean_lvl 21.8 | max_lvl 23 | cur 9/9 pb 0.0 | focus (128,296) f=1.0 | kl +0.0000 | ent 0.001
upd  427 | step   874496 |    97 sps | ret     9.80 | succ 0.49 | mean_lvl 22.0 | max_lvl 23 | cur 9/9 pb 0.0 | focus (128,296) f=1.0 | kl +0.0000 | ent 0.001
upd  428 | step   876544 |    97 sps | ret     9.20 | succ 0.46 | mean_lvl 21.9 | max_lvl 23 | cur 9/9 pb 0.0 | focus (128,296) f=1.0 | kl +0.0000 | ent 0.001
upd  429 | step   878592 |    97 sps | ret     9.20 | succ 0.46 | mean_lvl 21.9 | max_lvl 23 | cur 9/9 pb 0.0 | focus (128,296) f=1.0 | kl +0.0000 | ent 0.001
upd  430 | step   880640 |    97 sps | ret     7.20 | succ 0.36 | mean_lvl 21.7 | max_lvl 23 | cur 9/9 pb 0.0 | focus (128,296) f=1.0 | kl +0.0000 | ent 0.001
upd  431 | step   882688 |    97 sps | ret     9.80 | succ 0.49 | mean_lvl 22.0 | max_lvl 23 | cur 9/9 pb 0.0 | focus (128,296) f=1.0 | kl +0.0000 | ent 0.001
upd  432 | step   884736 |    97 sps | ret     9.20 | succ 0.46 | mean_lvl 21.9 | max_lvl 23 | cur 9/9 pb 0.0 | focus (128,296) f=1.0 | kl +0.0000 | ent 0.001
upd  433 | step   886784 |    97 sps | ret     6.40 | succ 0.32 | mean_lvl 21.6 | max_lvl 23 | cur 9/9 pb 0.0 | focus (128,296) f=1.0 | kl +0.0000 | ent 0.001
upd  434 | step   888832 |    97 sps | ret     8.60 | succ 0.43 | mean_lvl 21.9 | max_lvl 23 | cur 9/9 pb 0.0 | focus (128,296) f=1.0 | kl +0.0003 | ent 0.001
upd  435 | step   890880 |    97 sps | ret     7.80 | succ 0.39 | mean_lvl 21.8 | max_lvl 23 | cur 9/9 pb 0.0 | focus (128,296) f=1.0 | kl -0.0000 | ent 0.000
upd  436 | step   892928 |    97 sps | ret     8.60 | succ 0.43 | mean_lvl 21.9 | max_lvl 23 | cur 9/9 pb 0.0 | focus (128,296) f=1.0 | kl -0.0000 | ent 0.001
upd  437 | step   894976 |    97 sps | ret     6.80 | succ 0.34 | mean_lvl 21.7 | max_lvl 23 | cur 9/9 pb 0.0 | focus (128,296) f=1.0 | kl +0.0000 | ent 0.000
upd  438 | step   897024 |    96 sps | ret    10.20 | succ 0.51 | mean_lvl 22.0 | max_lvl 23 | cur 9/9 pb 0.0 | focus (128,296) f=1.0 | kl +0.0002 | ent 0.001
upd  439 | step   899072 |    96 sps | ret     8.40 | succ 0.42 | mean_lvl 21.8 | max_lvl 23 | cur 9/9 pb 0.0 | focus (128,296) f=1.0 | kl +0.0000 | ent 0.001
upd  440 | step   901120 |    96 sps | ret     9.20 | succ 0.46 | mean_lvl 21.9 | max_lvl 23 | cur 9/9 pb 0.0 | focus (128,296) f=1.0 | kl -0.0000 | ent 0.001
upd  441 | step   903168 |    96 sps | ret     8.00 | succ 0.40 | mean_lvl 21.8 | max_lvl 23 | cur 9/9 pb 0.0 | focus (128,296) f=1.0 | kl +0.0000 | ent 0.001
upd  442 | step   905216 |    96 sps | ret     8.00 | succ 0.40 | mean_lvl 21.8 | max_lvl 23 | cur 9/9 pb 0.0 | focus (128,296) f=1.0 | kl +0.0000 | ent 0.001
upd  443 | step   907264 |    96 sps | ret     6.20 | succ 0.31 | mean_lvl 21.6 | max_lvl 23 | cur 9/9 pb 0.0 | focus (128,296) f=1.0 | kl +0.0004 | ent 0.000
upd  444 | step   909312 |    96 sps | ret     8.60 | succ 0.43 | mean_lvl 21.9 | max_lvl 23 | cur 9/9 pb 0.0 | focus (128,296) f=1.0 | kl -0.0000 | ent 0.000
upd  445 | step   911360 |    96 sps | ret     7.80 | succ 0.39 | mean_lvl 21.8 | max_lvl 23 | cur 9/9 pb 0.0 | focus (128,296) f=1.0 | kl +0.0000 | ent 0.000
upd  446 | step   913408 |    96 sps | ret     7.80 | succ 0.39 | mean_lvl 21.8 | max_lvl 23 | cur 9/9 pb 0.0 | focus (128,296) f=1.0 | kl -0.0000 | ent 0.000
upd  447 | step   915456 |    96 sps | ret     8.60 | succ 0.43 | mean_lvl 21.9 | max_lvl 23 | cur 9/9 pb 0.0 | focus (128,296) f=1.0 | kl -0.0000 | ent 0.000
upd  448 | step   917504 |    96 sps | ret     8.60 | succ 0.43 | mean_lvl 21.9 | max_lvl 23 | cur 9/9 pb 0.0 | focus (128,296) f=1.0 | kl +0.0000 | ent 0.000
upd  449 | step   919552 |    96 sps | ret     8.20 | succ 0.41 | mean_lvl 21.8 | max_lvl 23 | cur 9/9 pb 0.0 | focus (128,296) f=1.0 | kl +0.0000 | ent 0.000
upd  450 | step   921600 |    96 sps | ret     9.60 | succ 0.48 | mean_lvl 22.0 | max_lvl 23 | cur 9/9 pb 0.0 | focus (128,296) f=1.0 | kl +0.0000 | ent 0.000
saved checkpoints/L22\ppo_921600.pt
upd  451 | step   923648 |    96 sps | ret     7.60 | succ 0.38 | mean_lvl 21.8 | max_lvl 23 | cur 9/9 pb 0.0 | focus (128,296) f=1.0 | kl +0.0000 | ent 0.000
upd  452 | step   925696 |    96 sps | ret     7.80 | succ 0.39 | mean_lvl 21.8 | max_lvl 23 | cur 9/9 pb 0.0 | focus (128,296) f=1.0 | kl +0.0000 | ent 0.000
upd  453 | step   927744 |    96 sps | ret     8.80 | succ 0.44 | mean_lvl 21.9 | max_lvl 23 | cur 9/9 pb 0.0 | focus (128,296) f=1.0 | kl +0.0000 | ent 0.000
upd  454 | step   929792 |    96 sps | ret     6.60 | succ 0.33 | mean_lvl 21.7 | max_lvl 23 | cur 9/9 pb 0.0 | focus (128,296) f=1.0 | kl +0.0000 | ent 0.000
upd  455 | step   931840 |    96 sps | ret     9.20 | succ 0.46 | mean_lvl 21.9 | max_lvl 23 | cur 9/9 pb 0.0 | focus (128,296) f=1.0 | kl +0.0000 | ent 0.000
upd  456 | step   933888 |    96 sps | ret     8.20 | succ 0.41 | mean_lvl 21.8 | max_lvl 23 | cur 9/9 pb 0.0 | focus (128,296) f=1.0 | kl +0.0000 | ent 0.000
upd  457 | step   935936 |    96 sps | ret     6.60 | succ 0.33 | mean_lvl 21.7 | max_lvl 23 | cur 9/9 pb 0.0 | focus (128,296) f=1.0 | kl +0.0000 | ent 0.001
upd  458 | step   937984 |    96 sps | ret     8.80 | succ 0.44 | mean_lvl 21.9 | max_lvl 23 | cur 9/9 pb 0.0 | focus (128,296) f=1.0 | kl +0.0000 | ent 0.001
upd  459 | step   940032 |    96 sps | ret     8.60 | succ 0.43 | mean_lvl 21.9 | max_lvl 23 | cur 9/9 pb 0.0 | focus (128,296) f=1.0 | kl +0.0178 | ent 0.007
upd  460 | step   942080 |    96 sps | ret     2.20 | succ 0.11 | mean_lvl 21.2 | max_lvl 23 | cur 9/9 pb 0.0 | focus (128,296) f=1.0 | kl +0.1799 | ent 0.157
upd  461 | step   944128 |    96 sps | ret    11.00 | succ 0.55 | mean_lvl 22.1 | max_lvl 23 | cur 9/9 pb 0.0 | focus (128,296) f=1.0 | kl +0.1403 | ent 0.012
upd  462 | step   946176 |    96 sps | ret    10.40 | succ 0.52 | mean_lvl 22.0 | max_lvl 23 | cur 9/9 pb 0.0 | focus (128,296) f=1.0 | kl +0.0024 | ent 0.001
upd  463 | step   948224 |    96 sps | ret     8.40 | succ 0.42 | mean_lvl 21.8 | max_lvl 23 | cur 9/9 pb 0.0 | focus (128,296) f=1.0 | kl -0.0000 | ent 0.001
upd  464 | step   950272 |    96 sps | ret     9.00 | succ 0.45 | mean_lvl 21.9 | max_lvl 23 | cur 9/9 pb 0.0 | focus (128,296) f=1.0 | kl +0.0000 | ent 0.001
upd  465 | step   952320 |    96 sps | ret     8.80 | succ 0.44 | mean_lvl 21.9 | max_lvl 23 | cur 9/9 pb 0.0 | focus (128,296) f=1.0 | kl -0.0000 | ent 0.001
upd  466 | step   954368 |    96 sps | ret     7.40 | succ 0.37 | mean_lvl 21.7 | max_lvl 23 | cur 9/9 pb 0.0 | focus (128,296) f=1.0 | kl +0.0003 | ent 0.000
upd  467 | step   956416 |    96 sps | ret    11.60 | succ 0.58 | mean_lvl 22.2 | max_lvl 23 | cur 9/9 pb 0.0 | focus (128,296) f=1.0 | kl +0.0000 | ent 0.000
upd  468 | step   958464 |    96 sps | ret     8.60 | succ 0.43 | mean_lvl 21.9 | max_lvl 23 | cur 9/9 pb 0.0 | focus (128,296) f=1.0 | kl +0.0000 | ent 0.000
upd  469 | step   960512 |    96 sps | ret     7.60 | succ 0.38 | mean_lvl 21.8 | max_lvl 23 | cur 9/9 pb 0.0 | focus (128,296) f=1.0 | kl -0.0000 | ent 0.000
upd  470 | step   962560 |    96 sps | ret     9.20 | succ 0.46 | mean_lvl 21.9 | max_lvl 23 | cur 9/9 pb 0.0 | focus (128,296) f=1.0 | kl +0.0003 | ent 0.000
upd  471 | step   964608 |    96 sps | ret     8.60 | succ 0.43 | mean_lvl 21.9 | max_lvl 23 | cur 9/9 pb 0.0 | focus (128,296) f=1.0 | kl +0.0000 | ent 0.000
upd  472 | step   966656 |    96 sps | ret     9.00 | succ 0.45 | mean_lvl 21.9 | max_lvl 23 | cur 9/9 pb 0.0 | focus (128,296) f=1.0 | kl -0.0000 | ent 0.000
upd  473 | step   968704 |    96 sps | ret     9.20 | succ 0.46 | mean_lvl 21.9 | max_lvl 23 | cur 9/9 pb 0.0 | focus (128,296) f=1.0 | kl +0.0000 | ent 0.000
upd  474 | step   970752 |    96 sps | ret     9.40 | succ 0.47 | mean_lvl 21.9 | max_lvl 23 | cur 9/9 pb 0.0 | focus (128,296) f=1.0 | kl -0.0000 | ent 0.000
upd  475 | step   972800 |    96 sps | ret     7.80 | succ 0.39 | mean_lvl 21.8 | max_lvl 23 | cur 9/9 pb 0.0 | focus (128,296) f=1.0 | kl -0.0000 | ent 0.000
upd  476 | step   974848 |    96 sps | ret     6.60 | succ 0.33 | mean_lvl 21.7 | max_lvl 23 | cur 9/9 pb 0.0 | focus (128,296) f=1.0 | kl -0.0000 | ent 0.000
upd  477 | step   976896 |    96 sps | ret     7.40 | succ 0.37 | mean_lvl 21.7 | max_lvl 23 | cur 9/9 pb 0.0 | focus (128,296) f=1.0 | kl +0.0000 | ent 0.000
upd  478 | step   978944 |    96 sps | ret     8.20 | succ 0.41 | mean_lvl 21.8 | max_lvl 23 | cur 9/9 pb 0.0 | focus (128,296) f=1.0 | kl +0.0000 | ent 0.000
upd  479 | step   980992 |    96 sps | ret     8.80 | succ 0.44 | mean_lvl 21.9 | max_lvl 23 | cur 9/9 pb 0.0 | focus (128,296) f=1.0 | kl -0.0000 | ent 0.000
upd  480 | step   983040 |    96 sps | ret     9.00 | succ 0.45 | mean_lvl 21.9 | max_lvl 23 | cur 9/9 pb 0.0 | focus (128,296) f=1.0 | kl +0.0000 | ent 0.000
upd  481 | step   985088 |    96 sps | ret     8.80 | succ 0.44 | mean_lvl 21.9 | max_lvl 23 | cur 9/9 pb 0.0 | focus (128,296) f=1.0 | kl +0.0000 | ent 0.000
upd  482 | step   987136 |    96 sps | ret     6.60 | succ 0.33 | mean_lvl 21.7 | max_lvl 23 | cur 9/9 pb 0.0 | focus (128,296) f=1.0 | kl +0.0000 | ent 0.000
upd  483 | step   989184 |    96 sps | ret     9.40 | succ 0.47 | mean_lvl 21.9 | max_lvl 23 | cur 9/9 pb 0.0 | focus (128,296) f=1.0 | kl +0.0000 | ent 0.000
upd  484 | step   991232 |    96 sps | ret    10.00 | succ 0.50 | mean_lvl 22.0 | max_lvl 23 | cur 9/9 pb 0.0 | focus (128,296) f=1.0 | kl +0.0000 | ent 0.000
upd  485 | step   993280 |    96 sps | ret     7.40 | succ 0.37 | mean_lvl 21.7 | max_lvl 23 | cur 9/9 pb 0.0 | focus (128,296) f=1.0 | kl +0.0000 | ent 0.000
upd  486 | step   995328 |    96 sps | ret     7.00 | succ 0.35 | mean_lvl 21.7 | max_lvl 23 | cur 9/9 pb 0.0 | focus (128,296) f=1.0 | kl +0.0000 | ent 0.000
upd  487 | step   997376 |    96 sps | ret     7.00 | succ 0.35 | mean_lvl 21.7 | max_lvl 23 | cur 9/9 pb 0.0 | focus (128,296) f=1.0 | kl +0.0000 | ent 0.000
upd  488 | step   999424 |    96 sps | ret     9.40 | succ 0.47 | mean_lvl 21.9 | max_lvl 23 | cur 9/9 pb 0.0 | focus (128,296) f=1.0 | kl +0.0000 | ent 0.000
upd  489 | step  1001472 |    96 sps | ret     9.40 | succ 0.47 | mean_lvl 21.9 | max_lvl 23 | cur 9/9 pb 0.0 | focus (128,296) f=1.0 | kl +0.0000 | ent 0.000
upd  490 | step  1003520 |    96 sps | ret     8.00 | succ 0.40 | mean_lvl 21.8 | max_lvl 23 | cur 9/9 pb 0.0 | focus (128,296) f=1.0 | kl +0.0006 | ent 0.000
upd  491 | step  1005568 |    96 sps | ret     8.20 | succ 0.41 | mean_lvl 21.8 | max_lvl 23 | cur 9/9 pb 0.0 | focus (128,296) f=1.0 | kl -0.0000 | ent 0.000
upd  492 | step  1007616 |    96 sps | ret     9.20 | succ 0.46 | mean_lvl 21.9 | max_lvl 23 | cur 9/9 pb 0.0 | focus (128,296) f=1.0 | kl +0.0000 | ent 0.000
upd  493 | step  1009664 |    96 sps | ret     7.40 | succ 0.37 | mean_lvl 21.7 | max_lvl 23 | cur 9/9 pb 0.0 | focus (128,296) f=1.0 | kl +0.0000 | ent 0.000
upd  494 | step  1011712 |    96 sps | ret    10.80 | succ 0.54 | mean_lvl 22.1 | max_lvl 23 | cur 9/9 pb 0.0 | focus (128,296) f=1.0 | kl -0.0000 | ent 0.000
upd  495 | step  1013760 |    96 sps | ret     8.40 | succ 0.42 | mean_lvl 21.8 | max_lvl 23 | cur 9/9 pb 0.0 | focus (128,296) f=1.0 | kl -0.0000 | ent 0.000
upd  496 | step  1015808 |    96 sps | ret     7.80 | succ 0.39 | mean_lvl 21.8 | max_lvl 23 | cur 9/9 pb 0.0 | focus (128,296) f=1.0 | kl +0.0000 | ent 0.000
upd  497 | step  1017856 |    96 sps | ret     8.40 | succ 0.42 | mean_lvl 21.8 | max_lvl 23 | cur 9/9 pb 0.0 | focus (128,296) f=1.0 | kl -0.0000 | ent 0.000
upd  498 | step  1019904 |    96 sps | ret     7.60 | succ 0.38 | mean_lvl 21.8 | max_lvl 23 | cur 9/9 pb 0.0 | focus (128,296) f=1.0 | kl +0.0000 | ent 0.000
upd  499 | step  1021952 |    96 sps | ret     8.80 | succ 0.44 | mean_lvl 21.9 | max_lvl 23 | cur 9/9 pb 0.0 | focus (128,296) f=1.0 | kl +0.0000 | ent 0.000
upd  500 | step  1024000 |    96 sps | ret     8.20 | succ 0.41 | mean_lvl 21.8 | max_lvl 23 | cur 9/9 pb 0.0 | focus (128,296) f=1.0 | kl +0.0000 | ent 0.000
saved checkpoints/L22\ppo_1024000.pt
upd  501 | step  1026048 |    96 sps | ret     8.80 | succ 0.44 | mean_lvl 21.9 | max_lvl 23 | cur 9/9 pb 0.0 | focus (128,296) f=1.0 | kl +0.0000 | ent 0.000
upd  502 | step  1028096 |    96 sps | ret     9.80 | succ 0.49 | mean_lvl 22.0 | max_lvl 23 | cur 9/9 pb 0.0 | focus (128,296) f=1.0 | kl +0.0000 | ent 0.000
upd  503 | step  1030144 |    96 sps | ret     7.80 | succ 0.39 | mean_lvl 21.8 | max_lvl 23 | cur 9/9 pb 0.0 | focus (128,296) f=1.0 | kl +0.0000 | ent 0.000
upd  504 | step  1032192 |    96 sps | ret     8.40 | succ 0.42 | mean_lvl 21.8 | max_lvl 23 | cur 9/9 pb 0.0 | focus (128,296) f=1.0 | kl +0.0000 | ent 0.000
upd  505 | step  1034240 |    96 sps | ret     7.40 | succ 0.37 | mean_lvl 21.7 | max_lvl 23 | cur 9/9 pb 0.0 | focus (128,296) f=1.0 | kl +0.0000 | ent 0.000
upd  506 | step  1036288 |    96 sps | ret     6.40 | succ 0.32 | mean_lvl 21.6 | max_lvl 23 | cur 9/9 pb 0.0 | focus (128,296) f=1.0 | kl +0.0000 | ent 0.000
upd  507 | step  1038336 |    96 sps | ret     8.80 | succ 0.44 | mean_lvl 21.9 | max_lvl 23 | cur 9/9 pb 0.0 | focus (128,296) f=1.0 | kl +0.0000 | ent 0.000
upd  508 | step  1040384 |    96 sps | ret     8.00 | succ 0.40 | mean_lvl 21.8 | max_lvl 23 | cur 9/9 pb 0.0 | focus (128,296) f=1.0 | kl +0.0000 | ent 0.000
upd  509 | step  1042432 |    96 sps | ret     8.80 | succ 0.44 | mean_lvl 21.9 | max_lvl 23 | cur 9/9 pb 0.0 | focus (128,296) f=1.0 | kl +0.0000 | ent 0.000
upd  510 | step  1044480 |    96 sps | ret     9.20 | succ 0.46 | mean_lvl 21.9 | max_lvl 23 | cur 9/9 pb 0.0 | focus (128,296) f=1.0 | kl +0.0000 | ent 0.000
upd  511 | step  1046528 |    96 sps | ret     8.00 | succ 0.40 | mean_lvl 21.8 | max_lvl 23 | cur 9/9 pb 0.0 | focus (128,296) f=1.0 | kl +0.0000 | ent 0.000
upd  512 | step  1048576 |    96 sps | ret     7.80 | succ 0.39 | mean_lvl 21.8 | max_lvl 23 | cur 9/9 pb 0.0 | focus (128,296) f=1.0 | kl +0.0000 | ent 0.000
upd  513 | step  1050624 |    96 sps | ret     8.80 | succ 0.44 | mean_lvl 21.9 | max_lvl 23 | cur 9/9 pb 0.0 | focus (128,296) f=1.0 | kl +0.0000 | ent 0.000
upd  514 | step  1052672 |    96 sps | ret     9.20 | succ 0.46 | mean_lvl 21.9 | max_lvl 23 | cur 9/9 pb 0.0 | focus (128,296) f=1.0 | kl +0.0000 | ent 0.000
upd  515 | step  1054720 |    96 sps | ret     8.20 | succ 0.41 | mean_lvl 21.8 | max_lvl 23 | cur 9/9 pb 0.0 | focus (128,296) f=1.0 | kl +0.0000 | ent 0.000
upd  516 | step  1056768 |    96 sps | ret     9.20 | succ 0.46 | mean_lvl 21.9 | max_lvl 23 | cur 9/9 pb 0.0 | focus (128,296) f=1.0 | kl +0.0000 | ent 0.000
upd  517 | step  1058816 |    96 sps | ret     8.00 | succ 0.40 | mean_lvl 21.8 | max_lvl 23 | cur 9/9 pb 0.0 | focus (128,296) f=1.0 | kl +0.0000 | ent 0.000
upd  518 | step  1060864 |    96 sps | ret     7.80 | succ 0.39 | mean_lvl 21.8 | max_lvl 23 | cur 9/9 pb 0.0 | focus (128,296) f=1.0 | kl +0.0000 | ent 0.000
upd  519 | step  1062912 |    96 sps | ret     7.80 | succ 0.39 | mean_lvl 21.8 | max_lvl 23 | cur 9/9 pb 0.0 | focus (128,296) f=1.0 | kl +0.0001 | ent 0.000
upd  520 | step  1064960 |    96 sps | ret     8.40 | succ 0.42 | mean_lvl 21.8 | max_lvl 23 | cur 9/9 pb 0.0 | focus (128,296) f=1.0 | kl +0.0000 | ent 0.000
upd  521 | step  1067008 |    96 sps | ret     8.20 | succ 0.41 | mean_lvl 21.8 | max_lvl 23 | cur 9/9 pb 0.0 | focus (128,296) f=1.0 | kl -0.0000 | ent 0.000
upd  522 | step  1069056 |    96 sps | ret     8.60 | succ 0.43 | mean_lvl 21.9 | max_lvl 23 | cur 9/9 pb 0.0 | focus (128,296) f=1.0 | kl +0.0000 | ent 0.000
upd  523 | step  1071104 |    96 sps | ret     9.00 | succ 0.45 | mean_lvl 21.9 | max_lvl 23 | cur 9/9 pb 0.0 | focus (128,296) f=1.0 | kl -0.0000 | ent 0.000
upd  524 | step  1073152 |    96 sps | ret     9.40 | succ 0.47 | mean_lvl 21.9 | max_lvl 23 | cur 9/9 pb 0.0 | focus (128,296) f=1.0 | kl +0.0000 | ent 0.000
upd  525 | step  1075200 |    95 sps | ret     9.80 | succ 0.49 | mean_lvl 22.0 | max_lvl 23 | cur 9/9 pb 0.0 | focus (128,296) f=1.0 | kl +0.0000 | ent 0.000
upd  526 | step  1077248 |    95 sps | ret     8.20 | succ 0.41 | mean_lvl 21.8 | max_lvl 23 | cur 9/9 pb 0.0 | focus (128,296) f=1.0 | kl +0.0000 | ent 0.000
upd  527 | step  1079296 |    95 sps | ret     9.20 | succ 0.46 | mean_lvl 21.9 | max_lvl 23 | cur 9/9 pb 0.0 | focus (128,296) f=1.0 | kl +0.0000 | ent 0.000
upd  528 | step  1081344 |    95 sps | ret     8.20 | succ 0.41 | mean_lvl 21.8 | max_lvl 23 | cur 9/9 pb 0.0 | focus (128,296) f=1.0 | kl +0.0000 | ent 0.000
upd  529 | step  1083392 |    95 sps | ret     8.20 | succ 0.41 | mean_lvl 21.8 | max_lvl 23 | cur 9/9 pb 0.0 | focus (128,296) f=1.0 | kl +0.0000 | ent 0.000
upd  530 | step  1085440 |    95 sps | ret     7.80 | succ 0.39 | mean_lvl 21.8 | max_lvl 23 | cur 9/9 pb 0.0 | focus (128,296) f=1.0 | kl +0.0000 | ent 0.000
upd  531 | step  1087488 |    95 sps | ret    10.20 | succ 0.51 | mean_lvl 22.0 | max_lvl 23 | cur 9/9 pb 0.0 | focus (128,296) f=1.0 | kl +0.0000 | ent 0.000
upd  532 | step  1089536 |    95 sps | ret     7.40 | succ 0.37 | mean_lvl 21.7 | max_lvl 23 | cur 9/9 pb 0.0 | focus (128,296) f=1.0 | kl +0.0000 | ent 0.000
upd  533 | step  1091584 |    95 sps | ret     9.00 | succ 0.45 | mean_lvl 21.9 | max_lvl 23 | cur 9/9 pb 0.0 | focus (128,296) f=1.0 | kl +0.0004 | ent 0.000
upd  534 | step  1093632 |    95 sps | ret     8.20 | succ 0.41 | mean_lvl 21.8 | max_lvl 23 | cur 9/9 pb 0.0 | focus (128,296) f=1.0 | kl +0.0000 | ent 0.000
upd  535 | step  1095680 |    95 sps | ret     9.40 | succ 0.47 | mean_lvl 21.9 | max_lvl 23 | cur 9/9 pb 0.0 | focus (128,296) f=1.0 | kl +0.0000 | ent 0.000
upd  536 | step  1097728 |    95 sps | ret    10.40 | succ 0.52 | mean_lvl 22.0 | max_lvl 23 | cur 9/9 pb 0.0 | focus (128,296) f=1.0 | kl +0.0000 | ent 0.000
upd  537 | step  1099776 |    95 sps | ret    10.20 | succ 0.51 | mean_lvl 22.0 | max_lvl 23 | cur 9/9 pb 0.0 | focus (128,296) f=1.0 | kl +0.0000 | ent 0.000
upd  538 | step  1101824 |    95 sps | ret     9.60 | succ 0.48 | mean_lvl 22.0 | max_lvl 23 | cur 9/9 pb 0.0 | focus (128,296) f=1.0 | kl +0.0000 | ent 0.000
upd  539 | step  1103872 |    95 sps | ret     9.60 | succ 0.48 | mean_lvl 22.0 | max_lvl 23 | cur 9/9 pb 0.0 | focus (128,296) f=1.0 | kl +0.0000 | ent 0.000
upd  540 | step  1105920 |    95 sps | ret     8.80 | succ 0.44 | mean_lvl 21.9 | max_lvl 23 | cur 9/9 pb 0.0 | focus (128,296) f=1.0 | kl +0.0000 | ent 0.000
upd  541 | step  1107968 |    95 sps | ret     7.20 | succ 0.36 | mean_lvl 21.7 | max_lvl 23 | cur 9/9 pb 0.0 | focus (128,296) f=1.0 | kl +0.0000 | ent 0.000
upd  542 | step  1110016 |    95 sps | ret     8.60 | succ 0.43 | mean_lvl 21.9 | max_lvl 23 | cur 9/9 pb 0.0 | focus (128,296) f=1.0 | kl +0.0000 | ent 0.000
upd  543 | step  1112064 |    95 sps | ret     7.60 | succ 0.38 | mean_lvl 21.8 | max_lvl 23 | cur 9/9 pb 0.0 | focus (128,296) f=1.0 | kl +0.0003 | ent 0.000
upd  544 | step  1114112 |    95 sps | ret    10.20 | succ 0.51 | mean_lvl 22.0 | max_lvl 23 | cur 9/9 pb 0.0 | focus (128,296) f=1.0 | kl +0.0000 | ent 0.000
upd  545 | step  1116160 |    95 sps | ret     8.20 | succ 0.41 | mean_lvl 21.8 | max_lvl 23 | cur 9/9 pb 0.0 | focus (128,296) f=1.0 | kl +0.0000 | ent 0.000
upd  546 | step  1118208 |    95 sps | ret     7.00 | succ 0.35 | mean_lvl 21.7 | max_lvl 23 | cur 9/9 pb 0.0 | focus (128,296) f=1.0 | kl +0.0000 | ent 0.000
upd  547 | step  1120256 |    95 sps | ret     7.80 | succ 0.39 | mean_lvl 21.8 | max_lvl 23 | cur 9/9 pb 0.0 | focus (128,296) f=1.0 | kl +0.0000 | ent 0.000
upd  548 | step  1122304 |    95 sps | ret     8.60 | succ 0.43 | mean_lvl 21.9 | max_lvl 23 | cur 9/9 pb 0.0 | focus (128,296) f=1.0 | kl +0.0000 | ent 0.000
upd  549 | step  1124352 |    95 sps | ret     7.00 | succ 0.35 | mean_lvl 21.7 | max_lvl 23 | cur 9/9 pb 0.0 | focus (128,296) f=1.0 | kl +0.0000 | ent 0.000
upd  550 | step  1126400 |    95 sps | ret     9.60 | succ 0.48 | mean_lvl 22.0 | max_lvl 23 | cur 9/9 pb 0.0 | focus (128,296) f=1.0 | kl +0.0000 | ent 0.000
saved checkpoints/L22\ppo_1126400.pt
upd  551 | step  1128448 |    95 sps | ret     6.80 | succ 0.34 | mean_lvl 21.7 | max_lvl 23 | cur 9/9 pb 0.0 | focus (128,296) f=1.0 | kl +0.0000 | ent 0.000
upd  552 | step  1130496 |    95 sps | ret     9.20 | succ 0.46 | mean_lvl 21.9 | max_lvl 23 | cur 9/9 pb 0.0 | focus (128,296) f=1.0 | kl +0.0000 | ent 0.000
upd  553 | step  1132544 |    95 sps | ret     8.20 | succ 0.41 | mean_lvl 21.8 | max_lvl 23 | cur 9/9 pb 0.0 | focus (128,296) f=1.0 | kl +0.0000 | ent 0.000
upd  554 | step  1134592 |    95 sps | ret     8.00 | succ 0.40 | mean_lvl 21.8 | max_lvl 23 | cur 9/9 pb 0.0 | focus (128,296) f=1.0 | kl +0.0000 | ent 0.000
upd  555 | step  1136640 |    95 sps | ret     8.60 | succ 0.43 | mean_lvl 21.9 | max_lvl 23 | cur 9/9 pb 0.0 | focus (128,296) f=1.0 | kl +0.0000 | ent 0.000
upd  556 | step  1138688 |    95 sps | ret     8.00 | succ 0.40 | mean_lvl 21.8 | max_lvl 23 | cur 9/9 pb 0.0 | focus (128,296) f=1.0 | kl +0.0002 | ent 0.000
upd  557 | step  1140736 |    95 sps | ret     9.80 | succ 0.49 | mean_lvl 22.0 | max_lvl 23 | cur 9/9 pb 0.0 | focus (128,296) f=1.0 | kl -0.0000 | ent 0.000
upd  558 | step  1142784 |    95 sps | ret     6.60 | succ 0.33 | mean_lvl 21.7 | max_lvl 23 | cur 9/9 pb 0.0 | focus (128,296) f=1.0 | kl -0.0000 | ent 0.000
upd  559 | step  1144832 |    95 sps | ret     7.60 | succ 0.38 | mean_lvl 21.8 | max_lvl 23 | cur 9/9 pb 0.0 | focus (128,296) f=1.0 | kl -0.0000 | ent 0.000
upd  560 | step  1146880 |    95 sps | ret     8.40 | succ 0.42 | mean_lvl 21.8 | max_lvl 23 | cur 9/9 pb 0.0 | focus (128,296) f=1.0 | kl +0.0000 | ent 0.000
upd  561 | step  1148928 |    95 sps | ret     7.00 | succ 0.35 | mean_lvl 21.7 | max_lvl 23 | cur 9/9 pb 0.0 | focus (128,296) f=1.0 | kl +0.0000 | ent 0.000
upd  562 | step  1150976 |    95 sps | ret     8.80 | succ 0.44 | mean_lvl 21.9 | max_lvl 23 | cur 9/9 pb 0.0 | focus (128,296) f=1.0 | kl +0.0000 | ent 0.000
upd  563 | step  1153024 |    95 sps | ret     8.40 | succ 0.42 | mean_lvl 21.8 | max_lvl 23 | cur 9/9 pb 0.0 | focus (128,296) f=1.0 | kl +0.0000 | ent 0.000
upd  564 | step  1155072 |    95 sps | ret     8.00 | succ 0.40 | mean_lvl 21.8 | max_lvl 23 | cur 9/9 pb 0.0 | focus (128,296) f=1.0 | kl +0.0000 | ent 0.000
upd  565 | step  1157120 |    95 sps | ret     9.40 | succ 0.47 | mean_lvl 21.9 | max_lvl 23 | cur 9/9 pb 0.0 | focus (128,296) f=1.0 | kl +0.0000 | ent 0.000
upd  566 | step  1159168 |    95 sps | ret     7.40 | succ 0.37 | mean_lvl 21.7 | max_lvl 23 | cur 9/9 pb 0.0 | focus (128,296) f=1.0 | kl +0.0000 | ent 0.000
upd  567 | step  1161216 |    95 sps | ret     7.20 | succ 0.36 | mean_lvl 21.7 | max_lvl 23 | cur 9/9 pb 0.0 | focus (128,296) f=1.0 | kl +0.0000 | ent 0.000
upd  568 | step  1163264 |    95 sps | ret     6.80 | succ 0.34 | mean_lvl 21.7 | max_lvl 23 | cur 9/9 pb 0.0 | focus (128,296) f=1.0 | kl +0.0000 | ent 0.000
upd  569 | step  1165312 |    95 sps | ret     9.80 | succ 0.49 | mean_lvl 22.0 | max_lvl 23 | cur 9/9 pb 0.0 | focus (128,296) f=1.0 | kl +0.0000 | ent 0.000
upd  570 | step  1167360 |    95 sps | ret     6.80 | succ 0.34 | mean_lvl 21.7 | max_lvl 23 | cur 9/9 pb 0.0 | focus (128,296) f=1.0 | kl +0.0000 | ent 0.000
upd  571 | step  1169408 |    95 sps | ret     9.00 | succ 0.45 | mean_lvl 21.9 | max_lvl 23 | cur 9/9 pb 0.0 | focus (128,296) f=1.0 | kl +0.0000 | ent 0.000
upd  572 | step  1171456 |    95 sps | ret     8.60 | succ 0.43 | mean_lvl 21.9 | max_lvl 23 | cur 9/9 pb 0.0 | focus (128,296) f=1.0 | kl +0.0000 | ent 0.000
upd  573 | step  1173504 |    95 sps | ret     7.80 | succ 0.39 | mean_lvl 21.8 | max_lvl 23 | cur 9/9 pb 0.0 | focus (128,296) f=1.0 | kl +0.0000 | ent 0.000
upd  574 | step  1175552 |    95 sps | ret     9.20 | succ 0.46 | mean_lvl 21.9 | max_lvl 23 | cur 9/9 pb 0.0 | focus (128,296) f=1.0 | kl +0.0000 | ent 0.000
upd  575 | step  1177600 |    95 sps | ret     7.40 | succ 0.37 | mean_lvl 21.7 | max_lvl 23 | cur 9/9 pb 0.0 | focus (128,296) f=1.0 | kl +0.0000 | ent 0.000
upd  576 | step  1179648 |    95 sps | ret     8.60 | succ 0.43 | mean_lvl 21.9 | max_lvl 23 | cur 9/9 pb 0.0 | focus (128,296) f=1.0 | kl +0.0000 | ent 0.000
upd  577 | step  1181696 |    95 sps | ret     9.00 | succ 0.45 | mean_lvl 21.9 | max_lvl 23 | cur 9/9 pb 0.0 | focus (128,296) f=1.0 | kl +0.0000 | ent 0.000
upd  578 | step  1183744 |    95 sps | ret    10.00 | succ 0.50 | mean_lvl 22.0 | max_lvl 23 | cur 9/9 pb 0.0 | focus (128,296) f=1.0 | kl +0.0000 | ent 0.000
upd  579 | step  1185792 |    95 sps | ret    10.00 | succ 0.50 | mean_lvl 22.0 | max_lvl 23 | cur 9/9 pb 0.0 | focus (128,296) f=1.0 | kl +0.0000 | ent 0.000
upd  580 | step  1187840 |    95 sps | ret     8.40 | succ 0.42 | mean_lvl 21.8 | max_lvl 23 | cur 9/9 pb 0.0 | focus (128,296) f=1.0 | kl +0.0000 | ent 0.000
upd  581 | step  1189888 |    95 sps | ret     7.60 | succ 0.38 | mean_lvl 21.8 | max_lvl 23 | cur 9/9 pb 0.0 | focus (128,296) f=1.0 | kl +0.0000 | ent 0.000
upd  582 | step  1191936 |    95 sps | ret     8.20 | succ 0.41 | mean_lvl 21.8 | max_lvl 23 | cur 9/9 pb 0.0 | focus (128,296) f=1.0 | kl +0.0000 | ent 0.000
upd  583 | step  1193984 |    95 sps | ret     9.80 | succ 0.49 | mean_lvl 22.0 | max_lvl 23 | cur 9/9 pb 0.0 | focus (128,296) f=1.0 | kl +0.0000 | ent 0.000
upd  584 | step  1196032 |    95 sps | ret     8.20 | succ 0.41 | mean_lvl 21.8 | max_lvl 23 | cur 9/9 pb 0.0 | focus (128,296) f=1.0 | kl +0.0000 | ent 0.000
upd  585 | step  1198080 |    95 sps | ret     7.80 | succ 0.39 | mean_lvl 21.8 | max_lvl 23 | cur 9/9 pb 0.0 | focus (128,296) f=1.0 | kl +0.0000 | ent 0.000
upd  586 | step  1200128 |    95 sps | ret     8.40 | succ 0.42 | mean_lvl 21.8 | max_lvl 23 | cur 9/9 pb 0.0 | focus (128,296) f=1.0 | kl +0.0000 | ent 0.000
upd  587 | step  1202176 |    95 sps | ret     9.40 | succ 0.47 | mean_lvl 21.9 | max_lvl 23 | cur 9/9 pb 0.0 | focus (128,296) f=1.0 | kl +0.0000 | ent 0.000
upd  588 | step  1204224 |    95 sps | ret     7.60 | succ 0.38 | mean_lvl 21.8 | max_lvl 23 | cur 9/9 pb 0.0 | focus (128,296) f=1.0 | kl +0.0000 | ent 0.000
upd  589 | step  1206272 |    95 sps | ret     8.00 | succ 0.40 | mean_lvl 21.8 | max_lvl 23 | cur 9/9 pb 0.0 | focus (128,296) f=1.0 | kl +0.0000 | ent 0.000
upd  590 | step  1208320 |    95 sps | ret     9.20 | succ 0.46 | mean_lvl 21.9 | max_lvl 23 | cur 9/9 pb 0.0 | focus (128,296) f=1.0 | kl +0.0000 | ent 0.000
upd  591 | step  1210368 |    95 sps | ret     9.00 | succ 0.45 | mean_lvl 21.9 | max_lvl 23 | cur 9/9 pb 0.0 | focus (128,296) f=1.0 | kl +0.0000 | ent 0.000
upd  592 | step  1212416 |    95 sps | ret     8.80 | succ 0.44 | mean_lvl 21.9 | max_lvl 23 | cur 9/9 pb 0.0 | focus (128,296) f=1.0 | kl +0.0000 | ent 0.000
upd  593 | step  1214464 |    95 sps | ret     8.60 | succ 0.43 | mean_lvl 21.9 | max_lvl 23 | cur 9/9 pb 0.0 | focus (128,296) f=1.0 | kl +0.0000 | ent 0.000
upd  594 | step  1216512 |    95 sps | ret     7.20 | succ 0.36 | mean_lvl 21.7 | max_lvl 23 | cur 9/9 pb 0.0 | focus (128,296) f=1.0 | kl +0.0000 | ent 0.000
upd  595 | step  1218560 |    95 sps | ret     7.80 | succ 0.39 | mean_lvl 21.8 | max_lvl 23 | cur 9/9 pb 0.0 | focus (128,296) f=1.0 | kl +0.0000 | ent 0.000
upd  596 | step  1220608 |    95 sps | ret     7.40 | succ 0.37 | mean_lvl 21.7 | max_lvl 23 | cur 9/9 pb 0.0 | focus (128,296) f=1.0 | kl +0.0000 | ent 0.000
upd  597 | step  1222656 |    95 sps | ret     8.60 | succ 0.43 | mean_lvl 21.9 | max_lvl 23 | cur 9/9 pb 0.0 | focus (128,296) f=1.0 | kl +0.0000 | ent 0.000
upd  598 | step  1224704 |    95 sps | ret     7.80 | succ 0.39 | mean_lvl 21.8 | max_lvl 23 | cur 9/9 pb 0.0 | focus (128,296) f=1.0 | kl +0.0000 | ent 0.000
upd  599 | step  1226752 |    95 sps | ret     9.40 | succ 0.47 | mean_lvl 21.9 | max_lvl 23 | cur 9/9 pb 0.0 | focus (128,296) f=1.0 | kl +0.0002 | ent 0.000
upd  600 | step  1228800 |    95 sps | ret     8.40 | succ 0.42 | mean_lvl 21.8 | max_lvl 23 | cur 9/9 pb 0.0 | focus (128,296) f=1.0 | kl +0.0000 | ent 0.000
saved checkpoints/L22\ppo_1228800.pt
upd  601 | step  1230848 |    95 sps | ret    10.40 | succ 0.52 | mean_lvl 22.0 | max_lvl 23 | cur 9/9 pb 0.0 | focus (128,296) f=1.0 | kl -0.0000 | ent 0.000
upd  602 | step  1232896 |    95 sps | ret    10.40 | succ 0.52 | mean_lvl 22.0 | max_lvl 23 | cur 9/9 pb 0.0 | focus (128,296) f=1.0 | kl +0.0000 | ent 0.000
upd  603 | step  1234944 |    95 sps | ret     7.00 | succ 0.35 | mean_lvl 21.7 | max_lvl 23 | cur 9/9 pb 0.0 | focus (128,296) f=1.0 | kl +0.0000 | ent 0.000
upd  604 | step  1236992 |    95 sps | ret    10.60 | succ 0.53 | mean_lvl 22.1 | max_lvl 23 | cur 9/9 pb 0.0 | focus (128,296) f=1.0 | kl +0.0000 | ent 0.000
upd  605 | step  1239040 |    95 sps | ret     8.80 | succ 0.44 | mean_lvl 21.9 | max_lvl 23 | cur 9/9 pb 0.0 | focus (128,296) f=1.0 | kl +0.0000 | ent 0.000
upd  606 | step  1241088 |    95 sps | ret     7.80 | succ 0.39 | mean_lvl 21.8 | max_lvl 23 | cur 9/9 pb 0.0 | focus (128,296) f=1.0 | kl +0.0000 | ent 0.000
upd  607 | step  1243136 |    95 sps | ret     8.80 | succ 0.44 | mean_lvl 21.9 | max_lvl 23 | cur 9/9 pb 0.0 | focus (128,296) f=1.0 | kl +0.0000 | ent 0.000
upd  608 | step  1245184 |    95 sps | ret     9.40 | succ 0.47 | mean_lvl 21.9 | max_lvl 23 | cur 9/9 pb 0.0 | focus (128,296) f=1.0 | kl +0.0000 | ent 0.000
upd  609 | step  1247232 |    95 sps | ret     7.60 | succ 0.38 | mean_lvl 21.8 | max_lvl 23 | cur 9/9 pb 0.0 | focus (128,296) f=1.0 | kl +0.0000 | ent 0.000
upd  610 | step  1249280 |    95 sps | ret     7.40 | succ 0.37 | mean_lvl 21.7 | max_lvl 23 | cur 9/9 pb 0.0 | focus (128,296) f=1.0 | kl +0.0000 | ent 0.000
upd  611 | step  1251328 |    95 sps | ret     8.40 | succ 0.42 | mean_lvl 21.8 | max_lvl 23 | cur 9/9 pb 0.0 | focus (128,296) f=1.0 | kl +0.0000 | ent 0.000
upd  612 | step  1253376 |    95 sps | ret     7.40 | succ 0.37 | mean_lvl 21.7 | max_lvl 23 | cur 9/9 pb 0.0 | focus (128,296) f=1.0 | kl +0.0000 | ent 0.000
upd  613 | step  1255424 |    95 sps | ret    10.20 | succ 0.51 | mean_lvl 22.0 | max_lvl 23 | cur 9/9 pb 0.0 | focus (128,296) f=1.0 | kl +0.0000 | ent 0.000
upd  614 | step  1257472 |    95 sps | ret     8.60 | succ 0.43 | mean_lvl 21.9 | max_lvl 23 | cur 9/9 pb 0.0 | focus (128,296) f=1.0 | kl +0.0000 | ent 0.000
upd  615 | step  1259520 |    95 sps | ret     7.40 | succ 0.37 | mean_lvl 21.7 | max_lvl 23 | cur 9/9 pb 0.0 | focus (128,296) f=1.0 | kl +0.0000 | ent 0.000
upd  616 | step  1261568 |    95 sps | ret     8.20 | succ 0.41 | mean_lvl 21.8 | max_lvl 23 | cur 9/9 pb 0.0 | focus (128,296) f=1.0 | kl +0.0000 | ent 0.000
upd  617 | step  1263616 |    95 sps | ret     9.60 | succ 0.48 | mean_lvl 22.0 | max_lvl 23 | cur 9/9 pb 0.0 | focus (128,296) f=1.0 | kl +0.0000 | ent 0.000
upd  618 | step  1265664 |    95 sps | ret     8.00 | succ 0.40 | mean_lvl 21.8 | max_lvl 23 | cur 9/9 pb 0.0 | focus (128,296) f=1.0 | kl +0.0000 | ent 0.000
upd  619 | step  1267712 |    95 sps | ret     8.40 | succ 0.42 | mean_lvl 21.8 | max_lvl 23 | cur 9/9 pb 0.0 | focus (128,296) f=1.0 | kl +0.0000 | ent 0.000
upd  620 | step  1269760 |    95 sps | ret     6.60 | succ 0.33 | mean_lvl 21.7 | max_lvl 23 | cur 9/9 pb 0.0 | focus (128,296) f=1.0 | kl +0.0000 | ent 0.000
upd  621 | step  1271808 |    95 sps | ret     9.00 | succ 0.45 | mean_lvl 21.9 | max_lvl 23 | cur 9/9 pb 0.0 | focus (128,296) f=1.0 | kl +0.0000 | ent 0.000
upd  622 | step  1273856 |    95 sps | ret     9.60 | succ 0.48 | mean_lvl 22.0 | max_lvl 23 | cur 9/9 pb 0.0 | focus (128,296) f=1.0 | kl +0.0111 | ent 0.004
upd  623 | step  1275904 |    95 sps | ret     3.80 | succ 0.19 | mean_lvl 21.4 | max_lvl 23 | cur 9/9 pb 0.0 | focus (128,296) f=1.0 | kl +0.1513 | ent 0.069
upd  624 | step  1277952 |    95 sps | ret    10.80 | succ 0.54 | mean_lvl 22.1 | max_lvl 23 | cur 9/9 pb 0.0 | focus (128,296) f=1.0 | kl +0.0515 | ent 0.031
upd  625 | step  1280000 |    95 sps | ret     6.20 | succ 0.31 | mean_lvl 21.6 | max_lvl 23 | cur 9/9 pb 0.0 | focus (128,296) f=1.0 | kl +0.0321 | ent 0.007
upd  626 | step  1282048 |    95 sps | ret     8.40 | succ 0.42 | mean_lvl 21.8 | max_lvl 23 | cur 9/9 pb 0.0 | focus (128,296) f=1.0 | kl -0.0004 | ent 0.001
upd  627 | step  1284096 |    94 sps | ret     8.00 | succ 0.40 | mean_lvl 21.8 | max_lvl 23 | cur 9/9 pb 0.0 | focus (128,296) f=1.0 | kl -0.0000 | ent 0.000
upd  628 | step  1286144 |    94 sps | ret     9.00 | succ 0.45 | mean_lvl 21.9 | max_lvl 23 | cur 9/9 pb 0.0 | focus (128,296) f=1.0 | kl -0.0000 | ent 0.001
upd  629 | step  1288192 |    94 sps | ret     5.80 | succ 0.29 | mean_lvl 21.6 | max_lvl 23 | cur 9/9 pb 0.0 | focus (128,296) f=1.0 | kl +0.0000 | ent 0.000
upd  630 | step  1290240 |    94 sps | ret     9.20 | succ 0.46 | mean_lvl 21.9 | max_lvl 23 | cur 9/9 pb 0.0 | focus (128,296) f=1.0 | kl +0.0000 | ent 0.001
upd  631 | step  1292288 |    94 sps | ret     7.40 | succ 0.37 | mean_lvl 21.7 | max_lvl 23 | cur 9/9 pb 0.0 | focus (128,296) f=1.0 | kl +0.0000 | ent 0.001
upd  632 | step  1294336 |    94 sps | ret     8.80 | succ 0.44 | mean_lvl 21.9 | max_lvl 23 | cur 9/9 pb 0.0 | focus (128,296) f=1.0 | kl -0.0000 | ent 0.001
upd  633 | step  1296384 |    94 sps | ret     7.20 | succ 0.36 | mean_lvl 21.7 | max_lvl 23 | cur 9/9 pb 0.0 | focus (128,296) f=1.0 | kl +0.0000 | ent 0.001
upd  634 | step  1298432 |    94 sps | ret     9.60 | succ 0.48 | mean_lvl 22.0 | max_lvl 23 | cur 9/9 pb 0.0 | focus (128,296) f=1.0 | kl -0.0000 | ent 0.001
upd  635 | step  1300480 |    94 sps | ret     8.00 | succ 0.40 | mean_lvl 21.8 | max_lvl 23 | cur 9/9 pb 0.0 | focus (128,296) f=1.0 | kl -0.0000 | ent 0.001
upd  636 | step  1302528 |    94 sps | ret     8.80 | succ 0.44 | mean_lvl 21.9 | max_lvl 23 | cur 9/9 pb 0.0 | focus (128,296) f=1.0 | kl -0.0000 | ent 0.001
upd  637 | step  1304576 |    94 sps | ret     9.80 | succ 0.49 | mean_lvl 22.0 | max_lvl 23 | cur 9/9 pb 0.0 | focus (128,296) f=1.0 | kl +0.0000 | ent 0.001
upd  638 | step  1306624 |    94 sps | ret     9.60 | succ 0.48 | mean_lvl 22.0 | max_lvl 23 | cur 9/9 pb 0.0 | focus (128,296) f=1.0 | kl -0.0000 | ent 0.001
upd  639 | step  1308672 |    94 sps | ret     8.00 | succ 0.40 | mean_lvl 21.8 | max_lvl 23 | cur 9/9 pb 0.0 | focus (128,296) f=1.0 | kl +0.0000 | ent 0.001
upd  640 | step  1310720 |    94 sps | ret     7.60 | succ 0.38 | mean_lvl 21.8 | max_lvl 23 | cur 9/9 pb 0.0 | focus (128,296) f=1.0 | kl -0.0001 | ent 0.001
upd  641 | step  1312768 |    94 sps | ret    10.20 | succ 0.51 | mean_lvl 22.0 | max_lvl 23 | cur 9/9 pb 0.0 | focus (128,296) f=1.0 | kl +0.0000 | ent 0.001
upd  642 | step  1314816 |    94 sps | ret     8.40 | succ 0.42 | mean_lvl 21.8 | max_lvl 23 | cur 9/9 pb 0.0 | focus (128,296) f=1.0 | kl -0.0001 | ent 0.002
upd  643 | step  1316864 |    94 sps | ret     9.20 | succ 0.46 | mean_lvl 21.9 | max_lvl 23 | cur 9/9 pb 0.0 | focus (128,296) f=1.0 | kl +0.0000 | ent 0.002
upd  644 | step  1318912 |    94 sps | ret     9.00 | succ 0.45 | mean_lvl 21.9 | max_lvl 23 | cur 9/9 pb 0.0 | focus (128,296) f=1.0 | kl +0.0004 | ent 0.001
upd  645 | step  1320960 |    94 sps | ret    10.40 | succ 0.52 | mean_lvl 22.0 | max_lvl 23 | cur 9/9 pb 0.0 | focus (128,296) f=1.0 | kl -0.0000 | ent 0.001
upd  646 | step  1323008 |    94 sps | ret    10.40 | succ 0.52 | mean_lvl 22.0 | max_lvl 23 | cur 9/9 pb 0.0 | focus (128,296) f=1.0 | kl +0.0000 | ent 0.001
upd  647 | step  1325056 |    94 sps | ret     8.00 | succ 0.40 | mean_lvl 21.8 | max_lvl 23 | cur 9/9 pb 0.0 | focus (128,296) f=1.0 | kl +0.0003 | ent 0.001
upd  648 | step  1327104 |    94 sps | ret     8.40 | succ 0.42 | mean_lvl 21.8 | max_lvl 23 | cur 9/9 pb 0.0 | focus (128,296) f=1.0 | kl +0.0003 | ent 0.000
upd  649 | step  1329152 |    94 sps | ret     8.20 | succ 0.41 | mean_lvl 21.8 | max_lvl 23 | cur 9/9 pb 0.0 | focus (128,296) f=1.0 | kl -0.0000 | ent 0.000
upd  650 | step  1331200 |    94 sps | ret     6.80 | succ 0.34 | mean_lvl 21.7 | max_lvl 23 | cur 9/9 pb 0.0 | focus (128,296) f=1.0 | kl +0.0000 | ent 0.000
saved checkpoints/L22\ppo_1331200.pt
upd  651 | step  1333248 |    94 sps | ret     8.40 | succ 0.42 | mean_lvl 21.8 | max_lvl 23 | cur 9/9 pb 0.0 | focus (128,296) f=1.0 | kl +0.0000 | ent 0.000
upd  652 | step  1335296 |    94 sps | ret     8.00 | succ 0.40 | mean_lvl 21.8 | max_lvl 23 | cur 9/9 pb 0.0 | focus (128,296) f=1.0 | kl +0.0003 | ent 0.000
upd  653 | step  1337344 |    94 sps | ret     7.40 | succ 0.37 | mean_lvl 21.7 | max_lvl 23 | cur 9/9 pb 0.0 | focus (128,296) f=1.0 | kl +0.0000 | ent 0.000
upd  654 | step  1339392 |    94 sps | ret     8.40 | succ 0.42 | mean_lvl 21.8 | max_lvl 23 | cur 9/9 pb 0.0 | focus (128,296) f=1.0 | kl +0.0000 | ent 0.000
upd  655 | step  1341440 |    94 sps | ret     8.40 | succ 0.42 | mean_lvl 21.8 | max_lvl 23 | cur 9/9 pb 0.0 | focus (128,296) f=1.0 | kl +0.0000 | ent 0.000
upd  656 | step  1343488 |    94 sps | ret     7.20 | succ 0.36 | mean_lvl 21.7 | max_lvl 23 | cur 9/9 pb 0.0 | focus (128,296) f=1.0 | kl +0.0000 | ent 0.000
upd  657 | step  1345536 |    94 sps | ret     8.60 | succ 0.43 | mean_lvl 21.9 | max_lvl 23 | cur 9/9 pb 0.0 | focus (128,296) f=1.0 | kl +0.0000 | ent 0.000
upd  658 | step  1347584 |    94 sps | ret     8.80 | succ 0.44 | mean_lvl 21.9 | max_lvl 23 | cur 9/9 pb 0.0 | focus (128,296) f=1.0 | kl +0.0000 | ent 0.000
upd  659 | step  1349632 |    94 sps | ret     6.80 | succ 0.34 | mean_lvl 21.7 | max_lvl 23 | cur 9/9 pb 0.0 | focus (128,296) f=1.0 | kl +0.0000 | ent 0.000
upd  660 | step  1351680 |    94 sps | ret     9.40 | succ 0.47 | mean_lvl 21.9 | max_lvl 23 | cur 9/9 pb 0.0 | focus (128,296) f=1.0 | kl +0.0000 | ent 0.000
upd  661 | step  1353728 |    94 sps | ret     8.60 | succ 0.43 | mean_lvl 21.9 | max_lvl 23 | cur 9/9 pb 0.0 | focus (128,296) f=1.0 | kl +0.0003 | ent 0.000
upd  662 | step  1355776 |    94 sps | ret     7.60 | succ 0.38 | mean_lvl 21.8 | max_lvl 23 | cur 9/9 pb 0.0 | focus (128,296) f=1.0 | kl -0.0000 | ent 0.000
upd  663 | step  1357824 |    94 sps | ret     8.40 | succ 0.42 | mean_lvl 21.8 | max_lvl 23 | cur 9/9 pb 0.0 | focus (128,296) f=1.0 | kl -0.0000 | ent 0.000
upd  664 | step  1359872 |    94 sps | ret     8.40 | succ 0.42 | mean_lvl 21.8 | max_lvl 23 | cur 9/9 pb 0.0 | focus (128,296) f=1.0 | kl +0.0000 | ent 0.000
upd  665 | step  1361920 |    94 sps | ret     8.00 | succ 0.40 | mean_lvl 21.8 | max_lvl 23 | cur 9/9 pb 0.0 | focus (128,296) f=1.0 | kl +0.0000 | ent 0.000
upd  666 | step  1363968 |    94 sps | ret     8.40 | succ 0.42 | mean_lvl 21.8 | max_lvl 23 | cur 9/9 pb 0.0 | focus (128,296) f=1.0 | kl +0.0000 | ent 0.000
upd  667 | step  1366016 |    94 sps | ret     7.80 | succ 0.39 | mean_lvl 21.8 | max_lvl 23 | cur 9/9 pb 0.0 | focus (128,296) f=1.0 | kl +0.0000 | ent 0.000
upd  668 | step  1368064 |    94 sps | ret     8.00 | succ 0.40 | mean_lvl 21.8 | max_lvl 23 | cur 9/9 pb 0.0 | focus (128,296) f=1.0 | kl +0.0000 | ent 0.000
upd  669 | step  1370112 |    94 sps | ret     8.80 | succ 0.44 | mean_lvl 21.9 | max_lvl 23 | cur 9/9 pb 0.0 | focus (128,296) f=1.0 | kl +0.0000 | ent 0.000
upd  670 | step  1372160 |    94 sps | ret     8.00 | succ 0.40 | mean_lvl 21.8 | max_lvl 23 | cur 9/9 pb 0.0 | focus (128,296) f=1.0 | kl +0.0000 | ent 0.000
upd  671 | step  1374208 |    94 sps | ret     8.20 | succ 0.41 | mean_lvl 21.8 | max_lvl 23 | cur 9/9 pb 0.0 | focus (128,296) f=1.0 | kl +0.0000 | ent 0.000
upd  672 | step  1376256 |    94 sps | ret     9.00 | succ 0.45 | mean_lvl 21.9 | max_lvl 23 | cur 9/9 pb 0.0 | focus (128,296) f=1.0 | kl +0.0000 | ent 0.000
upd  673 | step  1378304 |    94 sps | ret     8.20 | succ 0.41 | mean_lvl 21.8 | max_lvl 23 | cur 9/9 pb 0.0 | focus (128,296) f=1.0 | kl +0.0000 | ent 0.000
upd  674 | step  1380352 |    94 sps | ret     9.00 | succ 0.45 | mean_lvl 21.9 | max_lvl 23 | cur 9/9 pb 0.0 | focus (128,296) f=1.0 | kl +0.0000 | ent 0.000
upd  675 | step  1382400 |    94 sps | ret     8.80 | succ 0.44 | mean_lvl 21.9 | max_lvl 23 | cur 9/9 pb 0.0 | focus (128,296) f=1.0 | kl +0.0000 | ent 0.000
upd  676 | step  1384448 |    94 sps | ret     8.00 | succ 0.40 | mean_lvl 21.8 | max_lvl 23 | cur 9/9 pb 0.0 | focus (128,296) f=1.0 | kl +0.0000 | ent 0.000
upd  677 | step  1386496 |    94 sps | ret     7.60 | succ 0.38 | mean_lvl 21.8 | max_lvl 23 | cur 9/9 pb 0.0 | focus (128,296) f=1.0 | kl +0.0000 | ent 0.000
upd  678 | step  1388544 |    94 sps | ret     8.40 | succ 0.42 | mean_lvl 21.8 | max_lvl 23 | cur 9/9 pb 0.0 | focus (128,296) f=1.0 | kl +0.0000 | ent 0.000
upd  679 | step  1390592 |    94 sps | ret     6.40 | succ 0.32 | mean_lvl 21.6 | max_lvl 23 | cur 9/9 pb 0.0 | focus (128,296) f=1.0 | kl +0.0000 | ent 0.000
upd  680 | step  1392640 |    94 sps | ret    10.00 | succ 0.50 | mean_lvl 22.0 | max_lvl 23 | cur 9/9 pb 0.0 | focus (128,296) f=1.0 | kl +0.0000 | ent 0.000
upd  681 | step  1394688 |    94 sps | ret     9.80 | succ 0.49 | mean_lvl 22.0 | max_lvl 23 | cur 9/9 pb 0.0 | focus (128,296) f=1.0 | kl +0.0000 | ent 0.000
upd  682 | step  1396736 |    94 sps | ret     6.40 | succ 0.32 | mean_lvl 21.6 | max_lvl 23 | cur 9/9 pb 0.0 | focus (128,296) f=1.0 | kl +0.0000 | ent 0.000
upd  683 | step  1398784 |    94 sps | ret    10.20 | succ 0.51 | mean_lvl 22.0 | max_lvl 23 | cur 9/9 pb 0.0 | focus (128,296) f=1.0 | kl +0.0000 | ent 0.000
upd  684 | step  1400832 |    94 sps | ret     7.80 | succ 0.39 | mean_lvl 21.8 | max_lvl 23 | cur 9/9 pb 0.0 | focus (128,296) f=1.0 | kl +0.0000 | ent 0.000
upd  685 | step  1402880 |    94 sps | ret     7.20 | succ 0.36 | mean_lvl 21.7 | max_lvl 23 | cur 9/9 pb 0.0 | focus (128,296) f=1.0 | kl +0.0000 | ent 0.000
upd  686 | step  1404928 |    94 sps | ret     9.00 | succ 0.45 | mean_lvl 21.9 | max_lvl 23 | cur 9/9 pb 0.0 | focus (128,296) f=1.0 | kl +0.0004 | ent 0.000
upd  687 | step  1406976 |    94 sps | ret     8.40 | succ 0.42 | mean_lvl 21.8 | max_lvl 23 | cur 9/9 pb 0.0 | focus (128,296) f=1.0 | kl +0.0000 | ent 0.000
upd  688 | step  1409024 |    94 sps | ret     8.20 | succ 0.41 | mean_lvl 21.8 | max_lvl 23 | cur 9/9 pb 0.0 | focus (128,296) f=1.0 | kl +0.0003 | ent 0.000
upd  689 | step  1411072 |    94 sps | ret     8.40 | succ 0.42 | mean_lvl 21.8 | max_lvl 23 | cur 9/9 pb 0.0 | focus (128,296) f=1.0 | kl +0.0003 | ent 0.000
upd  690 | step  1413120 |    94 sps | ret     8.00 | succ 0.40 | mean_lvl 21.8 | max_lvl 23 | cur 9/9 pb 0.0 | focus (128,296) f=1.0 | kl +0.0000 | ent 0.000
upd  691 | step  1415168 |    94 sps | ret     7.40 | succ 0.37 | mean_lvl 21.7 | max_lvl 23 | cur 9/9 pb 0.0 | focus (128,296) f=1.0 | kl +0.0000 | ent 0.000
upd  692 | step  1417216 |    94 sps | ret     9.20 | succ 0.46 | mean_lvl 21.9 | max_lvl 23 | cur 9/9 pb 0.0 | focus (128,296) f=1.0 | kl +0.0000 | ent 0.000
upd  693 | step  1419264 |    94 sps | ret     8.20 | succ 0.41 | mean_lvl 21.8 | max_lvl 23 | cur 9/9 pb 0.0 | focus (128,296) f=1.0 | kl +0.0000 | ent 0.000
upd  694 | step  1421312 |    94 sps | ret     8.40 | succ 0.42 | mean_lvl 21.8 | max_lvl 23 | cur 9/9 pb 0.0 | focus (128,296) f=1.0 | kl +0.0000 | ent 0.000
upd  695 | step  1423360 |    94 sps | ret     6.60 | succ 0.33 | mean_lvl 21.7 | max_lvl 23 | cur 9/9 pb 0.0 | focus (128,296) f=1.0 | kl +0.0000 | ent 0.000
upd  696 | step  1425408 |    94 sps | ret     8.20 | succ 0.41 | mean_lvl 21.8 | max_lvl 23 | cur 9/9 pb 0.0 | focus (128,296) f=1.0 | kl +0.0000 | ent 0.000
upd  697 | step  1427456 |    94 sps | ret     7.60 | succ 0.38 | mean_lvl 21.8 | max_lvl 23 | cur 9/9 pb 0.0 | focus (128,296) f=1.0 | kl +0.0000 | ent 0.000
upd  698 | step  1429504 |    94 sps | ret     8.20 | succ 0.41 | mean_lvl 21.8 | max_lvl 23 | cur 9/9 pb 0.0 | focus (128,296) f=1.0 | kl +0.0000 | ent 0.000
upd  699 | step  1431552 |    94 sps | ret     8.80 | succ 0.44 | mean_lvl 21.9 | max_lvl 23 | cur 9/9 pb 0.0 | focus (128,296) f=1.0 | kl +0.0000 | ent 0.000
upd  700 | step  1433600 |    94 sps | ret     8.00 | succ 0.40 | mean_lvl 21.8 | max_lvl 23 | cur 9/9 pb 0.0 | focus (128,296) f=1.0 | kl +0.0000 | ent 0.000
saved checkpoints/L22\ppo_1433600.pt
upd  701 | step  1435648 |    94 sps | ret     7.60 | succ 0.38 | mean_lvl 21.8 | max_lvl 23 | cur 9/9 pb 0.0 | focus (128,296) f=1.0 | kl +0.0000 | ent 0.000
upd  702 | step  1437696 |    94 sps | ret     8.80 | succ 0.44 | mean_lvl 21.9 | max_lvl 23 | cur 9/9 pb 0.0 | focus (128,296) f=1.0 | kl +0.0000 | ent 0.000
upd  703 | step  1439744 |    94 sps | ret     8.00 | succ 0.40 | mean_lvl 21.8 | max_lvl 23 | cur 9/9 pb 0.0 | focus (128,296) f=1.0 | kl +0.0000 | ent 0.000
upd  704 | step  1441792 |    94 sps | ret     7.60 | succ 0.38 | mean_lvl 21.8 | max_lvl 23 | cur 9/9 pb 0.0 | focus (128,296) f=1.0 | kl +0.0000 | ent 0.000
upd  705 | step  1443840 |    94 sps | ret     8.80 | succ 0.44 | mean_lvl 21.9 | max_lvl 23 | cur 9/9 pb 0.0 | focus (128,296) f=1.0 | kl +0.0003 | ent 0.000
upd  706 | step  1445888 |    94 sps | ret     7.80 | succ 0.39 | mean_lvl 21.8 | max_lvl 23 | cur 9/9 pb 0.0 | focus (128,296) f=1.0 | kl -0.0000 | ent 0.000
upd  707 | step  1447936 |    94 sps | ret     8.60 | succ 0.43 | mean_lvl 21.9 | max_lvl 23 | cur 9/9 pb 0.0 | focus (128,296) f=1.0 | kl -0.0000 | ent 0.000
upd  708 | step  1449984 |    94 sps | ret     8.80 | succ 0.44 | mean_lvl 21.9 | max_lvl 23 | cur 9/9 pb 0.0 | focus (128,296) f=1.0 | kl +0.0000 | ent 0.000
upd  709 | step  1452032 |    94 sps | ret     7.60 | succ 0.38 | mean_lvl 21.8 | max_lvl 23 | cur 9/9 pb 0.0 | focus (128,296) f=1.0 | kl +0.0000 | ent 0.000
upd  710 | step  1454080 |    94 sps | ret     9.00 | succ 0.45 | mean_lvl 21.9 | max_lvl 23 | cur 9/9 pb 0.0 | focus (128,296) f=1.0 | kl +0.0000 | ent 0.000
upd  711 | step  1456128 |    94 sps | ret     9.20 | succ 0.46 | mean_lvl 21.9 | max_lvl 23 | cur 9/9 pb 0.0 | focus (128,296) f=1.0 | kl +0.0000 | ent 0.000
upd  712 | step  1458176 |    94 sps | ret     8.20 | succ 0.41 | mean_lvl 21.8 | max_lvl 23 | cur 9/9 pb 0.0 | focus (128,296) f=1.0 | kl +0.0000 | ent 0.000
upd  713 | step  1460224 |    94 sps | ret     6.80 | succ 0.34 | mean_lvl 21.7 | max_lvl 23 | cur 9/9 pb 0.0 | focus (128,296) f=1.0 | kl +0.0000 | ent 0.000
upd  714 | step  1462272 |    94 sps | ret     9.40 | succ 0.47 | mean_lvl 21.9 | max_lvl 23 | cur 9/9 pb 0.0 | focus (128,296) f=1.0 | kl +0.0000 | ent 0.000
upd  715 | step  1464320 |    94 sps | ret    10.00 | succ 0.50 | mean_lvl 22.0 | max_lvl 23 | cur 9/9 pb 0.0 | focus (128,296) f=1.0 | kl +0.0000 | ent 0.000
upd  716 | step  1466368 |    94 sps | ret    10.00 | succ 0.50 | mean_lvl 22.0 | max_lvl 23 | cur 9/9 pb 0.0 | focus (128,296) f=1.0 | kl +0.0000 | ent 0.000
upd  717 | step  1468416 |    94 sps | ret     9.00 | succ 0.45 | mean_lvl 21.9 | max_lvl 23 | cur 9/9 pb 0.0 | focus (128,296) f=1.0 | kl +0.0000 | ent 0.000
upd  718 | step  1470464 |    94 sps | ret     7.60 | succ 0.38 | mean_lvl 21.8 | max_lvl 23 | cur 9/9 pb 0.0 | focus (128,296) f=1.0 | kl +0.0000 | ent 0.000
upd  719 | step  1472512 |    94 sps | ret     8.00 | succ 0.40 | mean_lvl 21.8 | max_lvl 23 | cur 9/9 pb 0.0 | focus (128,296) f=1.0 | kl +0.0000 | ent 0.000
upd  720 | step  1474560 |    94 sps | ret     8.80 | succ 0.44 | mean_lvl 21.9 | max_lvl 23 | cur 9/9 pb 0.0 | focus (128,296) f=1.0 | kl +0.0000 | ent 0.000
upd  721 | step  1476608 |    94 sps | ret     7.20 | succ 0.36 | mean_lvl 21.7 | max_lvl 23 | cur 9/9 pb 0.0 | focus (128,296) f=1.0 | kl +0.0000 | ent 0.000
upd  722 | step  1478656 |    94 sps | ret     8.80 | succ 0.44 | mean_lvl 21.9 | max_lvl 23 | cur 9/9 pb 0.0 | focus (128,296) f=1.0 | kl +0.0000 | ent 0.000
upd  723 | step  1480704 |    94 sps | ret     7.40 | succ 0.37 | mean_lvl 21.7 | max_lvl 23 | cur 9/9 pb 0.0 | focus (128,296) f=1.0 | kl +0.0000 | ent 0.000
upd  724 | step  1482752 |    93 sps | ret     8.80 | succ 0.44 | mean_lvl 21.9 | max_lvl 23 | cur 9/9 pb 0.0 | focus (128,296) f=1.0 | kl +0.0000 | ent 0.000
upd  725 | step  1484800 |    93 sps | ret     8.40 | succ 0.42 | mean_lvl 21.8 | max_lvl 23 | cur 9/9 pb 0.0 | focus (128,296) f=1.0 | kl +0.0000 | ent 0.000
upd  726 | step  1486848 |    93 sps | ret    10.60 | succ 0.53 | mean_lvl 22.1 | max_lvl 23 | cur 9/9 pb 0.0 | focus (128,296) f=1.0 | kl +0.0000 | ent 0.000
upd  727 | step  1488896 |    93 sps | ret    10.40 | succ 0.52 | mean_lvl 22.0 | max_lvl 23 | cur 9/9 pb 0.0 | focus (128,296) f=1.0 | kl +0.0000 | ent 0.000
upd  728 | step  1490944 |    93 sps | ret     9.00 | succ 0.45 | mean_lvl 21.9 | max_lvl 23 | cur 9/9 pb 0.0 | focus (128,296) f=1.0 | kl +0.0000 | ent 0.000
upd  729 | step  1492992 |    93 sps | ret     6.80 | succ 0.34 | mean_lvl 21.7 | max_lvl 23 | cur 9/9 pb 0.0 | focus (128,296) f=1.0 | kl +0.0000 | ent 0.000
upd  730 | step  1495040 |    93 sps | ret     9.40 | succ 0.47 | mean_lvl 21.9 | max_lvl 23 | cur 9/9 pb 0.0 | focus (128,296) f=1.0 | kl +0.0000 | ent 0.000
upd  731 | step  1497088 |    93 sps | ret     9.00 | succ 0.45 | mean_lvl 21.9 | max_lvl 23 | cur 9/9 pb 0.0 | focus (128,296) f=1.0 | kl +0.0000 | ent 0.000
upd  732 | step  1499136 |    93 sps | ret     9.80 | succ 0.49 | mean_lvl 22.0 | max_lvl 23 | cur 9/9 pb 0.0 | focus (128,296) f=1.0 | kl +0.0002 | ent 0.000
upd  733 | step  1501184 |    93 sps | ret     8.40 | succ 0.42 | mean_lvl 21.8 | max_lvl 23 | cur 9/9 pb 0.0 | focus (128,296) f=1.0 | kl +0.0000 | ent 0.000
upd  734 | step  1503232 |    93 sps | ret     6.60 | succ 0.33 | mean_lvl 21.7 | max_lvl 23 | cur 9/9 pb 0.0 | focus (128,296) f=1.0 | kl +0.0000 | ent 0.000
upd  735 | step  1505280 |    93 sps | ret     7.60 | succ 0.38 | mean_lvl 21.8 | max_lvl 23 | cur 9/9 pb 0.0 | focus (128,296) f=1.0 | kl +0.0000 | ent 0.000
upd  736 | step  1507328 |    93 sps | ret    10.20 | succ 0.51 | mean_lvl 22.0 | max_lvl 23 | cur 9/9 pb 0.0 | focus (128,296) f=1.0 | kl +0.0000 | ent 0.000
upd  737 | step  1509376 |    93 sps | ret     6.80 | succ 0.34 | mean_lvl 21.7 | max_lvl 23 | cur 9/9 pb 0.0 | focus (128,296) f=1.0 | kl +0.0000 | ent 0.000
upd  738 | step  1511424 |    93 sps | ret     8.80 | succ 0.44 | mean_lvl 21.9 | max_lvl 23 | cur 9/9 pb 0.0 | focus (128,296) f=1.0 | kl +0.0000 | ent 0.000
upd  739 | step  1513472 |    93 sps | ret     9.20 | succ 0.46 | mean_lvl 21.9 | max_lvl 23 | cur 9/9 pb 0.0 | focus (128,296) f=1.0 | kl +0.0000 | ent 0.000
upd  740 | step  1515520 |    93 sps | ret     8.00 | succ 0.40 | mean_lvl 21.8 | max_lvl 23 | cur 9/9 pb 0.0 | focus (128,296) f=1.0 | kl +0.0003 | ent 0.000
upd  741 | step  1517568 |    93 sps | ret     7.40 | succ 0.37 | mean_lvl 21.7 | max_lvl 23 | cur 9/9 pb 0.0 | focus (128,296) f=1.0 | kl +0.0003 | ent 0.000
upd  742 | step  1519616 |    93 sps | ret     7.60 | succ 0.38 | mean_lvl 21.8 | max_lvl 23 | cur 9/9 pb 0.0 | focus (128,296) f=1.0 | kl +0.0003 | ent 0.000
upd  743 | step  1521664 |    93 sps | ret     8.80 | succ 0.44 | mean_lvl 21.9 | max_lvl 23 | cur 9/9 pb 0.0 | focus (128,296) f=1.0 | kl +0.0000 | ent 0.000
upd  744 | step  1523712 |    93 sps | ret     9.00 | succ 0.45 | mean_lvl 21.9 | max_lvl 23 | cur 9/9 pb 0.0 | focus (128,296) f=1.0 | kl +0.0000 | ent 0.000
upd  745 | step  1525760 |    93 sps | ret     7.40 | succ 0.37 | mean_lvl 21.7 | max_lvl 23 | cur 9/9 pb 0.0 | focus (128,296) f=1.0 | kl -0.0000 | ent 0.000
upd  746 | step  1527808 |    93 sps | ret     9.00 | succ 0.45 | mean_lvl 21.9 | max_lvl 23 | cur 9/9 pb 0.0 | focus (128,296) f=1.0 | kl +0.0000 | ent 0.000
upd  747 | step  1529856 |    93 sps | ret     8.20 | succ 0.41 | mean_lvl 21.8 | max_lvl 23 | cur 9/9 pb 0.0 | focus (128,296) f=1.0 | kl +0.0000 | ent 0.000
upd  748 | step  1531904 |    93 sps | ret     6.80 | succ 0.34 | mean_lvl 21.7 | max_lvl 23 | cur 9/9 pb 0.0 | focus (128,296) f=1.0 | kl +0.0000 | ent 0.000
upd  749 | step  1533952 |    93 sps | ret     9.40 | succ 0.47 | mean_lvl 21.9 | max_lvl 23 | cur 9/9 pb 0.0 | focus (128,296) f=1.0 | kl +0.0000 | ent 0.000
upd  750 | step  1536000 |    93 sps | ret     9.60 | succ 0.48 | mean_lvl 22.0 | max_lvl 23 | cur 9/9 pb 0.0 | focus (128,296) f=1.0 | kl +0.0000 | ent 0.000
saved checkpoints/L22\ppo_1536000.pt
upd  751 | step  1538048 |    93 sps | ret     9.60 | succ 0.48 | mean_lvl 22.0 | max_lvl 23 | cur 9/9 pb 0.0 | focus (128,296) f=1.0 | kl +0.0000 | ent 0.000
upd  752 | step  1540096 |    93 sps | ret     7.40 | succ 0.37 | mean_lvl 21.7 | max_lvl 23 | cur 9/9 pb 0.0 | focus (128,296) f=1.0 | kl +0.0000 | ent 0.000
upd  753 | step  1542144 |    93 sps | ret     9.20 | succ 0.46 | mean_lvl 21.9 | max_lvl 23 | cur 9/9 pb 0.0 | focus (128,296) f=1.0 | kl +0.0000 | ent 0.000
upd  754 | step  1544192 |    93 sps | ret     9.00 | succ 0.45 | mean_lvl 21.9 | max_lvl 23 | cur 9/9 pb 0.0 | focus (128,296) f=1.0 | kl +0.0000 | ent 0.000
upd  755 | step  1546240 |    93 sps | ret     6.80 | succ 0.34 | mean_lvl 21.7 | max_lvl 23 | cur 9/9 pb 0.0 | focus (128,296) f=1.0 | kl +0.0000 | ent 0.000
upd  756 | step  1548288 |    93 sps | ret     7.20 | succ 0.36 | mean_lvl 21.7 | max_lvl 23 | cur 9/9 pb 0.0 | focus (128,296) f=1.0 | kl +0.0000 | ent 0.000
upd  757 | step  1550336 |    93 sps | ret     9.80 | succ 0.49 | mean_lvl 22.0 | max_lvl 23 | cur 9/9 pb 0.0 | focus (128,296) f=1.0 | kl +0.0000 | ent 0.000
upd  758 | step  1552384 |    93 sps | ret     8.60 | succ 0.43 | mean_lvl 21.9 | max_lvl 23 | cur 9/9 pb 0.0 | focus (128,296) f=1.0 | kl +0.0000 | ent 0.000
upd  759 | step  1554432 |    93 sps | ret     8.00 | succ 0.40 | mean_lvl 21.8 | max_lvl 23 | cur 9/9 pb 0.0 | focus (128,296) f=1.0 | kl +0.0000 | ent 0.000
upd  760 | step  1556480 |    93 sps | ret     9.40 | succ 0.47 | mean_lvl 21.9 | max_lvl 23 | cur 9/9 pb 0.0 | focus (128,296) f=1.0 | kl +0.0000 | ent 0.000
upd  761 | step  1558528 |    93 sps | ret     8.60 | succ 0.43 | mean_lvl 21.9 | max_lvl 23 | cur 9/9 pb 0.0 | focus (128,296) f=1.0 | kl +0.0000 | ent 0.000
upd  762 | step  1560576 |    93 sps | ret     9.80 | succ 0.49 | mean_lvl 22.0 | max_lvl 23 | cur 9/9 pb 0.0 | focus (128,296) f=1.0 | kl +0.0000 | ent 0.000
upd  763 | step  1562624 |    93 sps | ret     9.00 | succ 0.45 | mean_lvl 21.9 | max_lvl 23 | cur 9/9 pb 0.0 | focus (128,296) f=1.0 | kl +0.0000 | ent 0.000
upd  764 | step  1564672 |    93 sps | ret    10.20 | succ 0.51 | mean_lvl 22.0 | max_lvl 23 | cur 9/9 pb 0.0 | focus (128,296) f=1.0 | kl +0.0000 | ent 0.000
upd  765 | step  1566720 |    93 sps | ret     7.20 | succ 0.36 | mean_lvl 21.7 | max_lvl 23 | cur 9/9 pb 0.0 | focus (128,296) f=1.0 | kl +0.0000 | ent 0.000
upd  766 | step  1568768 |    93 sps | ret     7.20 | succ 0.36 | mean_lvl 21.7 | max_lvl 23 | cur 9/9 pb 0.0 | focus (128,296) f=1.0 | kl +0.0000 | ent 0.000
upd  767 | step  1570816 |    93 sps | ret     9.00 | succ 0.45 | mean_lvl 21.9 | max_lvl 23 | cur 9/9 pb 0.0 | focus (128,296) f=1.0 | kl +0.0000 | ent 0.000
upd  768 | step  1572864 |    93 sps | ret     8.40 | succ 0.42 | mean_lvl 21.8 | max_lvl 23 | cur 9/9 pb 0.0 | focus (128,296) f=1.0 | kl +0.0000 | ent 0.000
upd  769 | step  1574912 |    93 sps | ret     6.20 | succ 0.31 | mean_lvl 21.6 | max_lvl 23 | cur 9/9 pb 0.0 | focus (128,296) f=1.0 | kl +0.0000 | ent 0.000
upd  770 | step  1576960 |    93 sps | ret     7.20 | succ 0.36 | mean_lvl 21.7 | max_lvl 23 | cur 9/9 pb 0.0 | focus (128,296) f=1.0 | kl +0.0000 | ent 0.000
upd  771 | step  1579008 |    93 sps | ret     9.20 | succ 0.46 | mean_lvl 21.9 | max_lvl 23 | cur 9/9 pb 0.0 | focus (128,296) f=1.0 | kl +0.0000 | ent 0.000
upd  772 | step  1581056 |    93 sps | ret     6.60 | succ 0.33 | mean_lvl 21.7 | max_lvl 23 | cur 9/9 pb 0.0 | focus (128,296) f=1.0 | kl +0.0000 | ent 0.000
upd  773 | step  1583104 |    93 sps | ret     8.20 | succ 0.41 | mean_lvl 21.8 | max_lvl 23 | cur 9/9 pb 0.0 | focus (128,296) f=1.0 | kl +0.0000 | ent 0.000
upd  774 | step  1585152 |    93 sps | ret     8.60 | succ 0.43 | mean_lvl 21.9 | max_lvl 23 | cur 9/9 pb 0.0 | focus (128,296) f=1.0 | kl +0.0000 | ent 0.000
upd  775 | step  1587200 |    93 sps | ret     7.60 | succ 0.38 | mean_lvl 21.8 | max_lvl 23 | cur 9/9 pb 0.0 | focus (128,296) f=1.0 | kl +0.0000 | ent 0.000
upd  776 | step  1589248 |    93 sps | ret     7.80 | succ 0.39 | mean_lvl 21.8 | max_lvl 23 | cur 9/9 pb 0.0 | focus (128,296) f=1.0 | kl +0.0000 | ent 0.000
upd  777 | step  1591296 |    93 sps | ret    10.60 | succ 0.53 | mean_lvl 22.1 | max_lvl 23 | cur 9/9 pb 0.0 | focus (128,296) f=1.0 | kl +0.0000 | ent 0.000
upd  778 | step  1593344 |    93 sps | ret     8.60 | succ 0.43 | mean_lvl 21.9 | max_lvl 23 | cur 9/9 pb 0.0 | focus (128,296) f=1.0 | kl +0.0000 | ent 0.000
upd  779 | step  1595392 |    93 sps | ret     8.60 | succ 0.43 | mean_lvl 21.9 | max_lvl 23 | cur 9/9 pb 0.0 | focus (128,296) f=1.0 | kl +0.0000 | ent 0.000
upd  780 | step  1597440 |    93 sps | ret     9.80 | succ 0.49 | mean_lvl 22.0 | max_lvl 23 | cur 9/9 pb 0.0 | focus (128,296) f=1.0 | kl +0.0000 | ent 0.000
upd  781 | step  1599488 |    93 sps | ret     9.80 | succ 0.49 | mean_lvl 22.0 | max_lvl 23 | cur 9/9 pb 0.0 | focus (128,296) f=1.0 | kl +0.0000 | ent 0.000
upd  782 | step  1601536 |    93 sps | ret     9.40 | succ 0.47 | mean_lvl 21.9 | max_lvl 23 | cur 9/9 pb 0.0 | focus (128,296) f=1.0 | kl +0.0004 | ent 0.003
upd  783 | step  1603584 |    93 sps | ret     6.40 | succ 0.32 | mean_lvl 21.6 | max_lvl 23 | cur 9/9 pb 0.0 | focus (128,296) f=1.0 | kl +0.0233 | ent 0.086
upd  784 | step  1605632 |    93 sps | ret    14.20 | succ 0.71 | mean_lvl 22.4 | max_lvl 23 | cur 9/9 pb 0.0 | focus (128,296) f=0.59 | kl +0.0067 | ent 0.146
upd  785 | step  1607680 |    93 sps | ret    14.60 | succ 0.73 | mean_lvl 22.5 | max_lvl 23 | cur 9/9 pb 0.0 | focus (128,296) f=0.52 | kl +0.0043 | ent 0.126
upd  786 | step  1609728 |    93 sps | ret    15.60 | succ 0.78 | mean_lvl 22.6 | max_lvl 23 | cur 9/9 pb 0.0 | focus (128,296) f=0.49 | kl +0.0052 | ent 0.120
upd  787 | step  1611776 |    93 sps | ret    18.20 | succ 0.91 | mean_lvl 22.8 | max_lvl 23 | cur 9/9 pb 0.0 | focus (128,296) f=0.11 | kl +0.0029 | ent 0.089
EARLY STOP at update 787: succ 0.91 >= 0.85 with curriculum fully unlocked; saved checkpoints/L22\ppo_1611776.pt
